codeName,full_code,marketName,short_code
가비아,KR7079940003,KOSDAQ,A079940
가온미디어,KR7078890001,KOSDAQ,A078890
가온전선,KR7000500009,KOSPI,A000500
감마누,KR7192410009,KOSDAQ,A192410
강남제비스코,KR7000860007,KOSPI,A000860
강스템바이오텍,KR7217730001,KOSDAQ,A217730
강원랜드,KR7035250000,KOSPI,A035250
갤럭시아에스엠,KR7011420007,KOSPI,A011420
갤럭시아컴즈,KR7094480001,KOSDAQ,A094480
게임빌,KR7063080006,KOSDAQ,A063080
경남스틸,KR7039240007,KOSDAQ,A039240
경남제약,KR7053950002,KOSDAQ,A053950
경농,KR7002100006,KOSPI,A002100
경동나비엔,KR7009450008,KOSPI,A009450
경동도시가스,KR7267290005,KOSPI,A267290
경동인베스트,KR7012320008,KOSPI,A012320
경동제약,KR7011040003,KOSDAQ,A011040
경방,KR7000050005,KOSPI,A000050
경보제약,KR7214390007,KOSPI,A214390
경인양행,KR7012610002,KOSPI,A012610
경인전자,KR7009140005,KOSPI,A009140
경창산업,KR7024910002,KOSDAQ,A024910
계룡건설,KR7013580006,KOSPI,A013580
계양전기,KR7012200002,KOSPI,A012200
계양전기우,KR7012201000,KOSPI,A012205
고려개발,KR7004200002,KOSPI,A004200
고려산업,KR7002140002,KOSPI,A002140
고려시멘트,KR7198440000,KOSDAQ,A198440
고려신용정보,KR7049720006,KOSDAQ,A049720
고려아연,KR7010130003,KOSPI,A010130
고려제강,KR7002240000,KOSPI,A002240
고려제약,KR7014570006,KOSDAQ,A014570
고영,KR7098460009,KOSDAQ,A098460
골드퍼시픽,KR7038530002,KOSDAQ,A038530
골든센츄리,KYG1990V1041,KOSDAQ,A900280
골프존,KR7215000001,KOSDAQ,A215000
골프존뉴딘홀딩스,KR7121440002,KOSDAQ,A121440
골프존데카,KR7183410000,KONEX,A183410
관악산업,KR7076340009,KONEX,A076340
광동제약,KR7009290008,KOSPI,A009290
광림,KR7014200000,KOSDAQ,A014200
광명전기,KR7017040007,KOSPI,A017040
광전자,KR7017900002,KOSPI,A017900
광주신세계,KR7037710001,KOSPI,A037710
광진실업,KR7026910000,KOSDAQ,A026910
광진윈텍,KR7090150004,KOSDAQ,A090150
교보7호스팩,KR7267320000,KOSDAQ,A267320
교보8호스팩,KR7307280008,KOSDAQ,A307280
교보증권,KR7030610000,KOSPI,A030610
구영테크,KR7053270005,KOSDAQ,A053270
국도화학,KR7007690001,KOSPI,A007690
국동,KR7005320007,KOSPI,A005320
국보,KR7001140003,KOSPI,A001140
국보디자인,KR7066620006,KOSDAQ,A066620
국순당,KR7043650001,KOSDAQ,A043650
국영지앤엠,KR7006050009,KOSDAQ,A006050
국일신동,KR7060480001,KOSDAQ,A060480
국일제지,KR7078130002,KOSDAQ,A078130
국제약품,KR7002720001,KOSPI,A002720
굿센,KR7243870003,KONEX,A243870
그린케미칼,KR7083420000,KOSPI,A083420
그린플러스,KR7186230009,KONEX,A186230
극동유화,KR7014530000,KOSPI,A014530
글로벌에스엠,KYG3931T1076,KOSDAQ,A900070
글로벌텍스프리,KR7204620009,KOSDAQ,A204620
글로본,KR7019660000,KOSDAQ,A019660
금강공업,KR7014280002,KOSPI,A014280
금강공업우,KR7014281000,KOSPI,A014285
금강철강,KR7053260006,KOSDAQ,A053260
금비,KR7008870008,KOSPI,A008870
금양,KR7001570001,KOSPI,A001570
금호산업,KR7002990000,KOSPI,A002990
금호산업우,KR7002991008,KOSPI,A002995
금호석유,KR7011780004,KOSPI,A011780
금호석유우,KR7011781002,KOSPI,A011785
금호에이치티,KR7214330003,KOSPI,A214330
금호전기,KR7001210004,KOSPI,A001210
금호타이어,KR7073240004,KOSPI,A073240
금화피에스시,KR7036190007,KOSDAQ,A036190
기가레인,KR7049080005,KOSDAQ,A049080
기산텔레콤,KR7035460005,KOSDAQ,A035460
기신정기,KR7092440007,KOSPI,A092440
기아차,KR7000270009,KOSPI,A000270
기업은행,KR7024110009,KOSPI,A024110
까뮤이앤씨,KR7013700000,KOSPI,A013700
까스텔바쟉,KR7308100007,KOSDAQ,A308100
깨끗한나라,KR7004540001,KOSPI,A004540
깨끗한나라우,KR7004541009,KOSPI,A004545
나노,KR7187790001,KOSDAQ,A187790
나노메딕스,KR7074610007,KOSPI,A074610
나노스,KR7151910007,KOSDAQ,A151910
나노신소재,KR7121600001,KOSDAQ,A121600
나노엔텍,KR7039860002,KOSDAQ,A039860
나노캠텍,KR7091970004,KOSDAQ,A091970
나눔테크,KR7244880001,KONEX,A244880
나라소프트,KR7288490006,KONEX,A288490
나라엠앤디,KR7051490001,KOSDAQ,A051490
나무가,KR7190510008,KOSDAQ,A190510
나무기술,KR7242040004,KOSDAQ,A242040
나스미디어,KR7089600001,KOSDAQ,A089600
나우아이비캐피탈,KR7293580007,KOSDAQ,A293580
나이벡,KR7138610001,KOSDAQ,A138610
나이스디앤비,KR7130580004,KOSDAQ,A130580
나이스정보통신,KR7036800001,KOSDAQ,A036800
나인트리부동산(종A1),KR5725017739,KOSPI,F72501773
나인트리부동산(종C-i),KR5725027738,KOSPI,F72502773
남광토건,KR7001260009,KOSPI,A001260
남선알미늄,KR7008350001,KOSPI,A008350
남선알미우,KR7008351009,KOSPI,A008355
남성,KR7004270005,KOSPI,A004270
남양유업,KR7003920006,KOSPI,A003920
남양유업우,KR7003921004,KOSPI,A003925
남영비비안,KR7002070001,KOSPI,A002070
남해화학,KR7025860008,KOSPI,A025860
남화산업,KR7111710000,KOSDAQ,A111710
남화토건,KR7091590000,KOSDAQ,A091590
내츄럴엔도텍,KR7168330009,KOSDAQ,A168330
네오디안테크놀로지,KR7072770001,KOSDAQ,A072770
네오셈,KR7253590004,KOSDAQ,A253590
네오오토,KR7212560007,KOSDAQ,A212560
네오위즈,KR7095660007,KOSDAQ,A095660
네오위즈홀딩스,KR7042420000,KOSDAQ,A042420
네오티스,KR7085910008,KOSDAQ,A085910
네오팜,KR7092730001,KOSDAQ,A092730
네오펙트,KR7290660000,KOSDAQ,A290660
네이블,KR7153460001,KOSDAQ,A153460
네이처셀,KR7007390008,KOSDAQ,A007390
네추럴FNP,KR7086220001,KONEX,A086220
네패스,KR7033640004,KOSDAQ,A033640
네패스신소재,KR7087730008,KOSDAQ,A087730
넥센,KR7005720008,KOSPI,A005720
넥센우,KR7005721006,KOSPI,A005725
넥센타이어,KR7002350007,KOSPI,A002350
넥센타이어1우B,KR7002351005,KOSPI,A002355
넥스턴,KR7089140008,KOSDAQ,A089140
넥스트BT,KR7065170003,KOSDAQ,A065170
넥스트사이언스,KR7003580008,KOSPI,A003580
넥스트아이,KR7137940003,KOSDAQ,A137940
넥슨지티,KR7041140005,KOSDAQ,A041140
넵튠,KR7217270008,KOSDAQ,A217270
넷게임즈,KR7225570001,KOSDAQ,A225570
넷마블,KR7251270005,KOSPI,A251270
노랑풍선,KR7104620000,KOSDAQ,A104620
노루페인트,KR7090350000,KOSPI,A090350
노루페인트우,KR7090351008,KOSPI,A090355
노루홀딩스,KR7000320002,KOSPI,A000320
노루홀딩스우,KR7000321000,KOSPI,A000325
노바렉스,KR7194700001,KOSDAQ,A194700
노바텍,KR7285490009,KOSDAQ,A285490
노브메타파마,KR7229500004,KONEX,A229500
녹십자,KR7006280002,KOSPI,A006280
녹십자랩셀,KR7144510005,KOSDAQ,A144510
녹십자셀,KR7031390008,KOSDAQ,A031390
녹십자엠에스,KR7142280007,KOSDAQ,A142280
녹십자홀딩스,KR7005250006,KOSPI,A005250
녹십자홀딩스2우,KR7005252002,KOSPI,A005257
녹원씨엔아이,KR7065560005,KOSDAQ,A065560
농심,KR7004370003,KOSPI,A004370
농심홀딩스,KR7072710007,KOSPI,A072710
농우바이오,KR7054050000,KOSDAQ,A054050
누리텔레콤,KR7040160004,KOSDAQ,A040160
누리플랜,KR7069140002,KOSDAQ,A069140
뉴로스,KR7126870005,KOSDAQ,A126870
뉴보텍,KR7060260007,KOSDAQ,A060260
뉴인텍,KR7012340006,KOSDAQ,A012340
뉴지랩,KR7214870008,KOSDAQ,A214870
뉴트리,KR7270870009,KOSDAQ,A270870
뉴파워프라즈마,KR7144960002,KOSDAQ,A144960
뉴프라이드,USU652221081,KOSDAQ,A900100
뉴프렉스,KR7085670008,KOSDAQ,A085670
다나와,KR7119860005,KOSDAQ,A119860
다날,KR7064260003,KOSDAQ,A064260
다믈멀티미디어,KR7093640001,KOSDAQ,A093640
다산네트웍스,KR7039560008,KOSDAQ,A039560
다스코,KR7058730003,KOSPI,A058730
다우기술,KR7023590003,KOSPI,A023590
다우데이타,KR7032190001,KOSDAQ,A032190
다원넥스뷰,KR7323350009,KONEX,A323350
다원시스,KR7068240001,KOSDAQ,A068240
다이노나,KR7086080009,KONEX,A086080
다이오진,KR7271850000,KONEX,A271850
대교,KR7019680008,KOSPI,A019680
대교우B,KR7019681006,KOSPI,A019685
대구백화점,KR7006370001,KOSPI,A006370
대덕전자,KR7008060006,KOSPI,A008060
대덕전자1우,KR700806K010,KOSPI,A00806K
대동고려삼,KR7178600003,KONEX,A178600
대동공업,KR7000490003,KOSPI,A000490
대동금속,KR7020400008,KOSDAQ,A020400
대동기어,KR7008830002,KOSDAQ,A008830
대동스틸,KR7048470009,KOSDAQ,A048470
대동전자,KR7008110009,KOSPI,A008110
대륙제관,KR7004780003,KOSDAQ,A004780
대림B&Co,KR7005750005,KOSPI,A005750
대림산업,KR7000210005,KOSPI,A000210
대림산업우,KR7000211003,KOSPI,A000215
대림씨엔에스,KR7004440004,KOSPI,A004440
대림제지,KR7017650003,KOSDAQ,A017650
대림통상,KR7006570006,KOSPI,A006570
대명코퍼레이션,KR7007720006,KOSDAQ,A007720
대보마그네틱,KR7290670009,KOSDAQ,A290670
대봉엘에스,KR7078140001,KOSDAQ,A078140
대상,KR7001680008,KOSPI,A001680
대상우,KR7001681006,KOSPI,A001685
대상홀딩스,KR7084690007,KOSPI,A084690
대상홀딩스우,KR7084691005,KOSPI,A084695
대성미생물,KR7036480002,KOSDAQ,A036480
대성산업,KR7128820008,KOSPI,A128820
대성에너지,KR7117580001,KOSPI,A117580
대성엘텍,KR7025440009,KOSDAQ,A025440
대성창투,KR7027830009,KOSDAQ,A027830
대성파인텍,KR7104040001,KOSDAQ,A104040
대성홀딩스,KR7016710006,KOSPI,A016710
대신밸런스제4호스팩,KR7262830003,KOSDAQ,A262830
대신밸런스제5호스팩,KR7303030001,KOSDAQ,A303030
대신밸런스제6호스팩,KR7307750000,KOSDAQ,A307750
대신정보통신,KR7020180006,KOSDAQ,A020180
대신증권,KR7003540002,KOSPI,A003540
대신증권2우B,KR7003542008,KOSPI,A003547
대신증권우,KR7003541000,KOSPI,A003545
대신하임1817호,KR5709017895,KOSPI,F70901789
대아티아이,KR7045390002,KOSDAQ,A045390
대양금속,KR7009190000,KOSPI,A009190
대양전기공업,KR7108380007,KOSDAQ,A108380
대양제지,KR7006580005,KOSDAQ,A006580
대영포장,KR7014160006,KOSPI,A014160
대우건설,KR7047040001,KOSPI,A047040
대우부품,KR7009320003,KOSPI,A009320
대우조선해양,KR7042660001,KOSPI,A042660
대웅,KR7003090008,KOSPI,A003090
대웅제약,KR7069620003,KOSPI,A069620
대원,KR7007680002,KOSDAQ,A007680
대원강업,KR7000430009,KOSPI,A000430
대원모방,KR7311840003,KONEX,A311840
대원미디어,KR7048910004,KOSDAQ,A048910
대원산업,KR7005710009,KOSDAQ,A005710
대원전선,KR7006340004,KOSPI,A006340
대원전선우,KR7006341002,KOSPI,A006345
대원제약,KR7003220001,KOSPI,A003220
대원화성,KR7024890006,KOSPI,A024890
대유,KR7290380005,KOSDAQ,A290380
대유에이텍,KR7002880003,KOSPI,A002880
대유에이피,KR7290120005,KOSDAQ,A290120
대유위니아,KR7071460000,KOSDAQ,A071460
대유플러스,KR7000300004,KOSPI,A000300
대정화금,KR7120240007,KOSDAQ,A120240
대주산업,KR7003310000,KOSDAQ,A003310
대주이엔티,KR7114920002,KONEX,A114920
대주전자재료,KR7078600004,KOSDAQ,A078600
대창,KR7012800009,KOSPI,A012800
대창단조,KR7015230006,KOSPI,A015230
대창솔루션,KR7096350004,KOSDAQ,A096350
대창스틸,KR7140520008,KOSDAQ,A140520
대한과학,KR7131220006,KOSDAQ,A131220
대한광통신,KR7010170009,KOSDAQ,A010170
대한뉴팜,KR7054670005,KOSDAQ,A054670
대한방직,KR7001070002,KOSPI,A001070
대한약품,KR7023910003,KOSDAQ,A023910
대한유화,KR7006650006,KOSPI,A006650
대한전선,KR7001440007,KOSPI,A001440
대한제강,KR7084010008,KOSPI,A084010
대한제당,KR7001790005,KOSPI,A001790
대한제당3우B,KR7001793009,KOSPI,A001799
대한제당우,KR7001791003,KOSPI,A001795
대한제분,KR7001130004,KOSPI,A001130
대한항공,KR7003490000,KOSPI,A003490
대한항공우,KR7003491008,KOSPI,A003495
대한해운,KR7005880000,KOSPI,A005880
대한화섬,KR7003830007,KOSPI,A003830
대현,KR7016090003,KOSPI,A016090
대호에이엘,KR7069460004,KOSPI,A069460
대호피앤씨,KR7021040001,KOSDAQ,A021040
대호피앤씨우,KR7021041009,KOSDAQ,A021045
대화제약,KR7067080002,KOSDAQ,A067080
더블유게임즈,KR7192080000,KOSPI,A192080
더블유에프엠,KR7035290006,KOSDAQ,A035290
더존비즈온,KR7012510004,KOSPI,A012510
더콘텐츠온,KR7302920004,KONEX,A302920
덕산네오룩스,KR7213420003,KOSDAQ,A213420
덕산하이메탈,KR7077360006,KOSDAQ,A077360
덕성,KR7004830006,KOSPI,A004830
덕성우,KR7004831004,KOSPI,A004835
덕신하우징,KR7090410002,KOSDAQ,A090410
덕양산업,KR7024900003,KOSPI,A024900
덕우전자,KR7263600009,KOSDAQ,A263600
데브시스터즈,KR7194480000,KOSDAQ,A194480
데이타솔루션,KR7263800005,KOSDAQ,A263800
데이터스트림즈,KR7199150004,KONEX,A199150
데일리블록체인,KR7139050009,KOSDAQ,A139050
데코앤이,KR7017680000,KOSDAQ,A017680
덱스터,KR7206560005,KOSDAQ,A206560
덴티움,KR7145720009,KOSPI,A145720
도이치모터스,KR7067990002,KOSDAQ,A067990
도쿄오피스1,KR57010177A4,KOSPI,F7010177A
도쿄중소형오피스1,KR5701017810,KOSPI,F70101781
도화엔지니어링,KR7002150001,KOSPI,A002150
동구바이오제약,KR7006620009,KOSDAQ,A006620
동국S&C,KR7100130004,KOSDAQ,A100130
동국산업,KR7005160007,KOSDAQ,A005160
동국알앤에스,KR7075970004,KOSDAQ,A075970
동국제강,KR7001230002,KOSPI,A001230
동국제약,KR7086450004,KOSDAQ,A086450
동남합성,KR7023450000,KOSPI,A023450
동방,KR7004140000,KOSPI,A004140
동방선기,KR7099410003,KOSDAQ,A099410
동방아그로,KR7007590003,KOSPI,A007590
동부건설,KR7005960000,KOSPI,A005960
동부건설우,KR7005961008,KOSPI,A005965
동부스팩5호,KR7281740001,KOSDAQ,A281740
동부제철,KR7016380008,KOSPI,A016380
동부제철우,KR7016381006,KOSPI,A016385
동북아12호,KR7083370007,KOSPI,A083370
동북아13호,KR7083380006,KOSPI,A083380
동서,KR7026960005,KOSPI,A026960
동성제약,KR7002210003,KOSPI,A002210
동성코퍼레이션,KR7102260007,KOSPI,A102260
동성화인텍,KR7033500000,KOSDAQ,A033500
동성화학,KR7005190004,KOSPI,A005190
동신건설,KR7025950007,KOSDAQ,A025950
동아쏘시오홀딩스,KR7000640003,KOSPI,A000640
동아에스티,KR7170900005,KOSPI,A170900
동아엘텍,KR7088130000,KOSDAQ,A088130
동아지질,KR7028100006,KOSPI,A028100
동아타이어,KR7282690007,KOSPI,A282690
동아화성,KR7041930009,KOSDAQ,A041930
동양,KR7001520006,KOSPI,A001520
동양2우B,KR7001522002,KOSPI,A001527
동양3우B,KR7001523000,KOSPI,A001529
동양고속,KR7084670009,KOSPI,A084670
동양네트웍스,KR7030790000,KOSPI,A030790
동양물산,KR7002900009,KOSPI,A002900
동양생명,KR7082640004,KOSPI,A082640
동양에스텍,KR7060380003,KOSDAQ,A060380
동양우,KR7001521004,KOSPI,A001525
동양이엔피,KR7079960001,KOSDAQ,A079960
동양철관,KR7008970006,KOSPI,A008970
동양파일,KR7228340006,KOSDAQ,A228340
동양피스톤,KR7092780006,KOSPI,A092780
동양피엔에프,KR7104460001,KOSDAQ,A104460
동우팜투테이블,KR7088910005,KOSDAQ,A088910
동운아나텍,KR7094170008,KOSDAQ,A094170
동원F&B,KR7049770001,KOSPI,A049770
동원개발,KR7013120001,KOSDAQ,A013120
동원금속,KR7018500009,KOSPI,A018500
동원산업,KR7006040000,KOSPI,A006040
동원수산,KR7030720007,KOSPI,A030720
동원시스템즈,KR7014820005,KOSPI,A014820
동원시스템즈우,KR7014821003,KOSPI,A014825
동일고무벨트,KR7163560006,KOSPI,A163560
동일금속,KR7109860007,KOSDAQ,A109860
동일기연,KR7032960007,KOSDAQ,A032960
동일산업,KR7004890000,KOSPI,A004890
동일제강,KR7002690006,KOSPI,A002690
동일철강,KR7023790009,KOSDAQ,A023790
동진쎄미켐,KR7005290002,KOSDAQ,A005290
동화기업,KR7025900002,KOSDAQ,A025900
동화약품,KR7000020008,KOSPI,A000020
두산,KR7000150003,KOSPI,A000150
두산2우B,KR7000152009,KOSPI,A000157
두산건설,KR7011160009,KOSPI,A011160
두산밥캣,KR7241560002,KOSPI,A241560
두산우,KR7000151001,KOSPI,A000155
두산인프라코어,KR7042670000,KOSPI,A042670
두산중공업,KR7034020008,KOSPI,A034020
두올,KR7016740003,KOSPI,A016740
두올산업,KR7078590007,KOSDAQ,A078590
두원석재,KR7270020001,KONEX,A270020
듀오백,KR7073190001,KOSDAQ,A073190
듀켐바이오,KR7176750008,KONEX,A176750
드래곤플라이,KR7030350003,KOSDAQ,A030350
드림시큐리티,KR7203650007,KOSDAQ,A203650
드림어스컴퍼니,KR7060570009,KOSDAQ,A060570
드림텍,KR7192650000,KOSPI,A192650
드림티엔터테인먼트,KR7220110001,KONEX,A220110
디딤,KR7217620004,KOSDAQ,A217620
디바이스이엔지,KR7187870001,KOSDAQ,A187870
디스플레이텍,KR7066670001,KOSDAQ,A066670
디씨엠,KR7024090003,KOSPI,A024090
디아이,KR7003160009,KOSPI,A003160
디아이씨,KR7092200005,KOSPI,A092200
디아이티,KR7110990009,KOSDAQ,A110990
디알젬,KR7263690000,KOSDAQ,A263690
디알텍,KR7214680001,KOSDAQ,A214680
디앤씨미디어,KR7263720005,KOSDAQ,A263720
디에스케이,KR7109740001,KOSDAQ,A109740
디에스티,KR7033430000,KOSDAQ,A033430
디에이치피코리아,KR7131030009,KOSDAQ,A131030
디에이테크놀로지,KR7196490007,KOSDAQ,A196490
디에이피,KR7066900002,KOSDAQ,A066900
디엔에이링크,KR7127120004,KOSDAQ,A127120
디엔에프,KR7092070002,KOSDAQ,A092070
디엠티,KR7134580000,KOSDAQ,A134580
디오,KR7039840004,KOSDAQ,A039840
디오스텍,KR7196450001,KOSDAQ,A196450
디와이,KR7013570007,KOSPI,A013570
디와이파워,KR7210540001,KOSPI,A210540
디이엔티,KR7079810008,KOSDAQ,A079810
디자인,KR7227100005,KOSDAQ,A227100
디젠스,KR7113810006,KOSDAQ,A113810
디지아이,KR7043360007,KOSDAQ,A043360
디지캡,KR7197140007,KOSDAQ,A197140
디지탈옵틱,KR7106520000,KOSDAQ,A106520
디지털대성,KR7068930007,KOSDAQ,A068930
디지틀조선,KR7033130006,KOSDAQ,A033130
디케이디앤아이,KR7033310004,KOSDAQ,A033310
디케이락,KR7105740005,KOSDAQ,A105740
디케이앤디,KR7263020000,KOSDAQ,A263020
디케이티,KR7290550003,KOSDAQ,A290550
디티알오토모티브,KR7007340003,KOSPI,A007340
디티앤씨,KR7187220009,KOSDAQ,A187220
디피씨,KR7026890004,KOSPI,A026890
디피코,KR7163430002,KONEX,A163430
딜리,KR7131180002,KOSDAQ,A131180
라온시큐어,KR7042510008,KOSDAQ,A042510
라온테크,KR7232680009,KONEX,A232680
라이브플렉스,KR7050120005,KOSDAQ,A050120
라이온켐텍,KR7171120009,KOSDAQ,A171120
라이트론,KR7069540003,KOSDAQ,A069540
라이프사이언스테크놀로지,KR7285770004,KONEX,A285770
락앤락,KR7115390007,KOSPI,A115390
래몽래인,KR7200350007,KONEX,A200350
램테크놀러지,KR7171010002,KOSDAQ,A171010
랩지노믹스,KR7084650001,KOSDAQ,A084650
러셀,KR7217500008,KOSDAQ,A217500
럭스피아,KR7092590009,KONEX,A092590
럭슬,KR7033600008,KOSDAQ,A033600
레고켐바이오,KR7141080002,KOSDAQ,A141080
레드로버,KR7060300001,KOSDAQ,A060300
레드캡투어,KR7038390001,KOSDAQ,A038390
레이언스,KR7228850004,KOSDAQ,A228850
로고스바이오,KR7238120000,KOSDAQ,A238120
로보로보,KR7215100009,KOSDAQ,A215100
로보스타,KR7090360009,KOSDAQ,A090360
로보쓰리,KR7238500003,KONEX,A238500
로보티즈,KR7108490004,KOSDAQ,A108490
로스웰,HK0000295359,KOSDAQ,A900260
로지시스,KR7067730002,KOSDAQ,A067730
로체시스템즈,KR7071280002,KOSDAQ,A071280
롯데관광개발,KR7032350001,KOSPI,A032350
롯데손해보험,KR7000400002,KOSPI,A000400
롯데쇼핑,KR7023530009,KOSPI,A023530
롯데정밀화학,KR7004000006,KOSPI,A004000
롯데정보통신,KR7286940002,KOSPI,A286940
롯데제과,KR7280360009,KOSPI,A280360
롯데지주,KR7004990008,KOSPI,A004990
롯데지주우,KR700499K014,KOSPI,A00499K
롯데칠성,KR7005300009,KOSPI,A005300
롯데칠성우,KR7005301007,KOSPI,A005305
롯데케미칼,KR7011170008,KOSPI,A011170
롯데푸드,KR7002270007,KOSPI,A002270
롯데하이마트,KR7071840003,KOSPI,A071840
루멘스,KR7038060000,KOSDAQ,A038060
루미마이크로,KR7082800004,KOSDAQ,A082800
루켄테크놀러지스,KR7162120000,KONEX,A162120
루트로닉,KR7085370005,KOSDAQ,A085370
루트로닉3우C,KR708537K039,KOSDAQ,A08537M
룽투코리아,KR7060240009,KOSDAQ,A060240
리노공업,KR7058470006,KOSDAQ,A058470
리노스,KR7039980008,KOSDAQ,A039980
리더스코스메틱,KR7016100000,KOSDAQ,A016100
리드,KR7197210008,KOSDAQ,A197210
리드코프,KR7012700001,KOSDAQ,A012700
리메드,KR7302550009,KONEX,A302550
리켐,KR7131100000,KOSDAQ,A131100
리퓨어유니맥스,KR7215090002,KOSDAQ,A215090
린드먼아시아,KR7277070009,KOSDAQ,A277070
링네트,KR7042500009,KOSDAQ,A042500
링크제니시스,KR7219420007,KOSDAQ,A219420
마니커,KR7027740000,KOSPI,A027740
마이크로디지탈,KR7305090003,KOSDAQ,A305090
마이크로컨텍솔,KR7098120009,KOSDAQ,A098120
마이크로텍,KR7227950003,KOSDAQ,A227950
마이크로프랜드,KR7147760003,KOSDAQ,A147760
마크로젠,KR7038290003,KOSDAQ,A038290
만도,KR7204320006,KOSPI,A204320
만호제강,KR7001080001,KOSPI,A001080
매일유업,KR7267980001,KOSDAQ,A267980
매일홀딩스,KR7005990007,KOSDAQ,A005990
매직마이크로,KR7127160000,KOSDAQ,A127160
매커스,KR7093520005,KOSDAQ,A093520
맥스로텍,KR7141070003,KOSDAQ,A141070
맥쿼리인프라,KR7088980008,KOSPI,A088980
맵스리얼티1,KR7094800000,KOSPI,A094800
맵스미국11호,KR5744017777,KOSPI,F74401777
맵스미국9-2호,KR5744017694,KOSPI,F74401769
맵스프런티어브라질1,KR5744017223,KOSPI,F74401722
맵스호주2호,KR5744017736,KOSPI,F74401773
머큐리,KR7100590009,KOSDAQ,A100590
멀티에셋월지급식안심튼튼제2호,KR571301A1B4,KOSPI,F71301A1B
멀티캠퍼스,KR7067280008,KOSDAQ,A067280
메가스터디,KR7072870009,KOSDAQ,A072870
메가스터디교육,KR7215200007,KOSDAQ,A215200
메가엠디,KR7133750000,KOSDAQ,A133750
메디쎄이,KR7200580009,KONEX,A200580
메디아나,KR7041920000,KOSDAQ,A041920
메디안디노스틱,KR7233250000,KONEX,A233250
메디젠휴먼케어,KR7236340006,KONEX,A236340
메디톡스,KR7086900008,KOSDAQ,A086900
메디파트너생명공학,KR7015540008,KOSPI,A015540
메디포스트,KR7078160009,KOSDAQ,A078160
메디프론,KR7065650004,KOSDAQ,A065650
메리츠금융지주,KR7138040001,KOSPI,A138040
메리츠베트남주식혼합,KR5746016694,KOSPI,F74601669
메리츠종금증권,KR7008560005,KOSPI,A008560
메리츠화재,KR7000060004,KOSPI,A000060
메이슨캐피탈,KR7021880000,KOSDAQ,A021880
메지온,KR7140410002,KOSDAQ,A140410
메카로,KR7241770007,KOSDAQ,A241770
메타랩스,KR7090370008,KOSPI,A090370
메타바이오메드,KR7059210005,KOSDAQ,A059210
멕아이씨에스,KR7058110008,KOSDAQ,A058110
멜파스,KR7096640008,KOSDAQ,A096640
명문제약,KR7017180001,KOSPI,A017180
명성티엔에스,KR7257370007,KOSDAQ,A257370
명진홀딩스,KR7267060002,KONEX,A267060
모나리자,KR7012690004,KOSPI,A012690
모나미,KR7005360003,KOSPI,A005360
모다,KR7149940009,KOSDAQ,A149940
모다이노칩,KR7080420003,KOSDAQ,A080420
모두투어,KR7080160005,KOSDAQ,A080160
모두투어리츠,KR7204210009,KOSPI,A204210
모바일리더,KR7100030006,KOSDAQ,A100030
모바일어플라이언스,KR7087260006,KOSDAQ,A087260
모베이스,KR7101330009,KOSDAQ,A101330
모비스,KR7250060001,KOSDAQ,A250060
모아텍,KR7033200007,KOSDAQ,A033200
모토닉,KR7009680000,KOSPI,A009680
모트렉스,KR7118990001,KOSDAQ,A118990
모헨즈,KR7006920003,KOSDAQ,A006920
무림P&P,KR7009580002,KOSPI,A009580
무림SP,KR7001810001,KOSDAQ,A001810
무림페이퍼,KR7009200007,KOSPI,A009200
무학,KR7033920000,KOSPI,A033920
문배철강,KR7008420002,KOSPI,A008420
미디어젠,KR7279600001,KONEX,A279600
미래SCI,KR7028040004,KOSDAQ,A028040
미래나노텍,KR7095500005,KOSDAQ,A095500
미래산업,KR7025560004,KOSPI,A025560
미래생명자원,KR7218150001,KOSDAQ,A218150
미래아이앤지,KR7007120009,KOSPI,A007120
미래에셋대우,KR7006800007,KOSPI,A006800
미래에셋대우2우B,KR700680K019,KOSPI,A00680K
미래에셋대우스팩1호,KR7265480004,KOSDAQ,A265480
미래에셋대우스팩2호,KR7310200001,KOSDAQ,A310200
미래에셋대우우,KR7006801005,KOSPI,A006805
미래에셋벤처투자,KR7100790005,KOSDAQ,A100790
미래에셋생명,KR7085620003,KOSPI,A085620
미래컴퍼니,KR7049950009,KOSDAQ,A049950
미래테크놀로지,KR7213090004,KOSDAQ,A213090
미스터블루,KR7207760000,KOSDAQ,A207760
미애부,KR7225850007,KONEX,A225850
미원상사,KR7002840007,KOSPI,A002840
미원에스씨,KR7268280005,KOSPI,A268280
미원홀딩스,KR7107590002,KOSPI,A107590
미원화학,KR7134380005,KOSPI,A134380
미창석유,KR7003650009,KOSPI,A003650
미코,KR7059090001,KOSDAQ,A059090
미코바이오메드,KR7214610008,KONEX,A214610
미투온,KR7201490000,KOSDAQ,A201490
민앤지,KR7214180002,KOSDAQ,A214180
밀라노부동산,KR570101B954,KOSPI,F70101B95
바다로19호,KR7155900004,KOSPI,A155900
바디텍메드,KR7206640005,KOSDAQ,A206640
바른손,KR7018700005,KOSDAQ,A018700
바른손이앤에이,KR7035620004,KOSDAQ,A035620
바른전자,KR7064520000,KOSDAQ,A064520
바른테크놀로지,KR7029480001,KOSDAQ,A029480
바이넥스,KR7053030003,KOSDAQ,A053030
바이오니아,KR7064550007,KOSDAQ,A064550
바이오로그디바이스,KR7208710004,KOSDAQ,A208710
바이오리더스,KR7142760008,KOSDAQ,A142760
바이오빌,KR7065940009,KOSDAQ,A065940
바이오솔루션,KR7086820008,KOSDAQ,A086820
바이오스마트,KR7038460002,KOSDAQ,A038460
바이오시네틱스,KR7281310003,KONEX,A281310
바이오제네틱스,KR7044480002,KOSDAQ,A044480
바이오코아,KR7216400002,KONEX,A216400
바이오톡스텍,KR7086040003,KOSDAQ,A086040
바이오프로테크,KR7199290008,KONEX,A199290
바이온,KR7032980005,KOSDAQ,A032980
바이옵트로,KR7222160004,KONEX,A222160
바텍,KR7043150002,KOSDAQ,A043150
방림,KR7003610003,KOSPI,A003610
배럴,KR7267790004,KOSDAQ,A267790
백광산업,KR7001340009,KOSPI,A001340
백광소재,KR7014580005,KOSPI,A014580
백금T&A,KR7046310009,KOSDAQ,A046310
백산,KR7035150002,KOSPI,A035150
버추얼텍,KR7036620003,KOSDAQ,A036620
버킷스튜디오,KR7066410002,KOSDAQ,A066410
범양건영,KR7002410009,KOSPI,A002410
베뉴지,KR7019010008,KOSDAQ,A019010
베셀,KR7177350006,KOSDAQ,A177350
베스파,KR7299910000,KOSDAQ,A299910
베트남개발1,KR7096300009,KOSPI,A096300
벨기에코어오피스부동산(A),KR5701017869,KOSPI,F70101786
벨기에코어오피스부동산(C-I),KR5701027868,KOSPI,F70102786
벽산,KR7007210008,KOSPI,A007210
보광산업,KR7225530005,KOSDAQ,A225530
보라티알,KR7250000007,KOSDAQ,A250000
보락,KR7002760007,KOSPI,A002760
보령메디앙스,KR7014100002,KOSDAQ,A014100
보령제약,KR7003850005,KOSPI,A003850
보성파워텍,KR7006910004,KOSDAQ,A006910
보해양조,KR7000890004,KOSPI,A000890
본느,KR7226340008,KOSDAQ,A226340
볼빅,KR7206950008,KONEX,A206950
부광약품,KR7003000007,KOSPI,A003000
부국증권,KR7001270008,KOSPI,A001270
부국증권우,KR7001271006,KOSPI,A001275
부국철강,KR7026940007,KOSPI,A026940
부방,KR7014470009,KOSDAQ,A014470
부산가스,KR7015350002,KOSPI,A015350
부산산업,KR7011390002,KOSPI,A011390
부산주공,KR7005030002,KOSPI,A005030
부스타,KR7008470007,KOSDAQ,A008470
뷰웍스,KR7100120005,KOSDAQ,A100120
브레인콘텐츠,KR7066980004,KOSDAQ,A066980
브리지텍,KR7064480007,KOSDAQ,A064480
브이원텍,KR7251630000,KOSDAQ,A251630
블러썸엠앤씨,KR7263920001,KOSDAQ,A263920
블루콤,KR7033560004,KOSDAQ,A033560
비나텍,KR7126340009,KONEX,A126340
비덴트,KR7121800007,KOSDAQ,A121800
비디아이,KR7148140007,KOSDAQ,A148140
비상교육,KR7100220003,KOSPI,A100220
비씨월드제약,KR7200780005,KOSDAQ,A200780
비아트론,KR7141000000,KOSDAQ,A141000
비에이치,KR7090460007,KOSDAQ,A090460
비에이치아이,KR7083650002,KOSDAQ,A083650
비엔디생활건강,KR7215050006,KONEX,A215050
비엔에프코퍼레이션,KR7271780009,KONEX,A271780
비엠티,KR7086670007,KOSDAQ,A086670
비즈니스온,KR7138580006,KOSDAQ,A138580
비츠로셀,KR7082920000,KOSDAQ,A082920
비츠로시스,KR7054220009,KOSDAQ,A054220
비츠로테크,KR7042370007,KOSDAQ,A042370
비트컴퓨터,KR7032850000,KOSDAQ,A032850
비티원,KR7101140002,KOSPI,A101140
비플라이소프트,KR7148780000,KONEX,A148780
비피도,KR7238200000,KOSDAQ,A238200
빅솔론,KR7093190007,KOSDAQ,A093190
빅텍,KR7065450009,KOSDAQ,A065450
빅텐츠,KR7210120002,KONEX,A210120
빙그레,KR7005180005,KOSPI,A005180
빛샘전자,KR7072950009,KOSDAQ,A072950
사람인에이치알,KR7143240000,KOSDAQ,A143240
사조대림,KR7003960002,KOSPI,A003960
사조동아원,KR7008040008,KOSPI,A008040
사조산업,KR7007160005,KOSPI,A007160
사조씨푸드,KR7014710008,KOSPI,A014710
사조오양,KR7006090005,KOSPI,A006090
삼강엠앤티,KR7100090000,KOSDAQ,A100090
삼광글라스,KR7005090006,KOSPI,A005090
삼기오토모티브,KR7122350002,KOSDAQ,A122350
삼륭물산,KR7014970008,KOSDAQ,A014970
삼목에스폼,KR7018310003,KOSDAQ,A018310
삼보모터스,KR7053700001,KOSDAQ,A053700
삼보산업,KR7009620006,KOSDAQ,A009620
삼보판지,KR7023600000,KOSDAQ,A023600
삼본전자,KR7111870002,KOSDAQ,A111870
삼부토건,KR7001470004,KOSPI,A001470
삼성SDI,KR7006400006,KOSPI,A006400
삼성SDI우,KR7006401004,KOSPI,A006405
삼성공조,KR7006660005,KOSPI,A006660
삼성머스트스팩3호,KR7309930006,KOSDAQ,A309930
삼성물산,KR7028260008,KOSPI,A028260
삼성물산우B,KR702826K016,KOSPI,A02826K
삼성바이오로직스,KR7207940008,KOSPI,A207940
삼성생명,KR7032830002,KOSPI,A032830
삼성스팩2호,KR7291230001,KOSDAQ,A291230
삼성에스디에스,KR7018260000,KOSPI,A018260
삼성엔지니어링,KR7028050003,KOSPI,A028050
삼성전기,KR7009150004,KOSPI,A009150
삼성전기우,KR7009151002,KOSPI,A009155
삼성전자,KR7005930003,KOSPI,A005930
삼성전자우,KR7005931001,KOSPI,A005935
삼성제약,KR7001360007,KOSPI,A001360
삼성중공업,KR7010140002,KOSPI,A010140
삼성중공우,KR7010141000,KOSPI,A010145
삼성증권,KR7016360000,KOSPI,A016360
삼성출판사,KR7068290006,KOSPI,A068290
삼성카드,KR7029780004,KOSPI,A029780
삼성화재,KR7000810002,KOSPI,A000810
삼성화재우,KR7000811000,KOSPI,A000815
삼아알미늄,KR7006110001,KOSPI,A006110
삼아제약,KR7009300005,KOSDAQ,A009300
삼양사,KR7145990008,KOSPI,A145990
삼양사우,KR7145991006,KOSPI,A145995
삼양식품,KR7003230000,KOSPI,A003230
삼양옵틱스,KR7225190008,KOSDAQ,A225190
삼양통상,KR7002170009,KOSPI,A002170
삼양패키징,KR7272550005,KOSPI,A272550
삼양홀딩스,KR7000070003,KOSPI,A000070
삼양홀딩스우,KR7000071001,KOSPI,A000075
삼영무역,KR7002810000,KOSPI,A002810
삼영엠텍,KR7054540000,KOSDAQ,A054540
삼영이엔씨,KR7065570004,KOSDAQ,A065570
삼영전자,KR7005680004,KOSPI,A005680
삼영화학,KR7003720000,KOSPI,A003720
삼우엠스,KR7082660002,KOSDAQ,A082660
삼원강재,KR7023000003,KOSPI,A023000
삼원테크,KR7073640005,KOSDAQ,A073640
삼익THK,KR7004380002,KOSPI,A004380
삼익악기,KR7002450005,KOSPI,A002450
삼일,KR7032280000,KOSDAQ,A032280
삼일기업공사,KR7002290005,KOSDAQ,A002290
삼일제약,KR7000520007,KOSPI,A000520
삼정펄프,KR7009770009,KOSPI,A009770
삼지전자,KR7037460003,KOSDAQ,A037460
삼진,KR7032750002,KOSDAQ,A032750
삼진엘앤디,KR7054090006,KOSDAQ,A054090
삼진제약,KR7005500004,KOSPI,A005500
삼천당제약,KR7000250001,KOSDAQ,A000250
삼천리,KR7004690004,KOSPI,A004690
삼천리자전거,KR7024950008,KOSDAQ,A024950
삼표시멘트,KR7038500005,KOSDAQ,A038500
삼현철강,KR7017480005,KOSDAQ,A017480
삼호,KR7001880004,KOSPI,A001880
삼호개발,KR7010960003,KOSPI,A010960
삼화네트웍스,KR7046390001,KOSDAQ,A046390
삼화왕관,KR7004450003,KOSPI,A004450
삼화전기,KR7009470006,KOSPI,A009470
삼화전자,KR7011230000,KOSPI,A011230
삼화콘덴서,KR7001820000,KOSPI,A001820
삼화페인트,KR7000390005,KOSPI,A000390
상보,KR7027580000,KOSDAQ,A027580
상상인,KR7038540001,KOSDAQ,A038540
상상인이안1호스팩,KR7307870006,KOSDAQ,A307870
상상인인더스트리,KR7101000008,KOSDAQ,A101000
상상인증권,KR7001290006,KOSPI,A001290
상신브레이크,KR7041650003,KOSPI,A041650
상신이디피,KR7091580001,KOSDAQ,A091580
상신전자,KR7263810004,KOSDAQ,A263810
상아프론테크,KR7089980007,KOSDAQ,A089980
상지카일룸,KR7042940007,KOSDAQ,A042940
새로닉스,KR7042600007,KOSDAQ,A042600
새론오토모티브,KR7075180000,KOSPI,A075180
샘코,KR7263540007,KOSDAQ,A263540
샘표,KR7007540008,KOSPI,A007540
샘표식품,KR7248170003,KOSPI,A248170
서린바이오,KR7038070009,KOSDAQ,A038070
서부T&D,KR7006730006,KOSDAQ,A006730
서산,KR7079650008,KOSDAQ,A079650
서암기계공업,KR7100660000,KOSDAQ,A100660
서연,KR7007860000,KOSPI,A007860
서연이화,KR7200880003,KOSPI,A200880
서연전자,KR7012860003,KOSDAQ,A012860
서연탑메탈,KR7019770007,KOSDAQ,A019770
서울가스,KR7017390006,KOSPI,A017390
서울리거,KR7043710003,KOSDAQ,A043710
서울반도체,KR7046890000,KOSDAQ,A046890
서울식품,KR7004410007,KOSPI,A004410
서울식품우,KR7004411005,KOSPI,A004415
서울옥션,KR7063170005,KOSDAQ,A063170
서울전자통신,KR7027040005,KOSDAQ,A027040
서울제약,KR7018680009,KOSDAQ,A018680
서원,KR7021050000,KOSPI,A021050
서원인텍,KR7093920007,KOSDAQ,A093920
서전기전,KR7189860000,KOSDAQ,A189860
서진시스템,KR7178320008,KOSDAQ,A178320
서진오토모티브,KR7122690001,KOSDAQ,A122690
서플러스글로벌,KR7140070004,KOSDAQ,A140070
서한,KR7011370004,KOSDAQ,A011370
서호전기,KR7065710006,KOSDAQ,A065710
서흥,KR7008490005,KOSPI,A008490
서희건설,KR7035890003,KOSDAQ,A035890
선광,KR7003100005,KOSDAQ,A003100
선데이토즈,KR7123420002,KOSDAQ,A123420
선도전기,KR7007610009,KOSPI,A007610
선바이오,KR7067370007,KONEX,A067370
선익시스템,KR7171090004,KOSDAQ,A171090
선진,KR7136490000,KOSPI,A136490
선창산업,KR7002820009,KOSPI,A002820
성광벤드,KR7014620009,KOSDAQ,A014620
성도이엔지,KR7037350006,KOSDAQ,A037350
성문전자,KR7014910004,KOSPI,A014910
성문전자우,KR7014911002,KOSPI,A014915
성보화학,KR7003080009,KOSPI,A003080
성신양회,KR7004980009,KOSPI,A004980
성신양회우,KR7004981007,KOSPI,A004985
성안,KR7011300001,KOSPI,A011300
성우전자,KR7081580003,KOSDAQ,A081580
성우테크론,KR7045300001,KOSDAQ,A045300
성우하이텍,KR7015750003,KOSDAQ,A015750
성창기업지주,KR7000180000,KOSPI,A000180
성창오토텍,KR7080470008,KOSDAQ,A080470
성호전자,KR7043260009,KOSDAQ,A043260
세기상사,KR7002420008,KOSPI,A002420
세동,KR7053060000,KOSDAQ,A053060
세명전기,KR7017510009,KOSDAQ,A017510
세미콘라이트,KR7214310005,KOSDAQ,A214310
세방,KR7004360004,KOSPI,A004360
세방우,KR7004361002,KOSPI,A004365
세방전지,KR7004490009,KOSPI,A004490
세보엠이씨,KR7011560000,KOSDAQ,A011560
세아베스틸,KR7001430008,KOSPI,A001430
세아제강,KR7306200007,KOSPI,A306200
세아제강지주,KR7003030004,KOSPI,A003030
세아특수강,KR7019440007,KOSPI,A019440
세아홀딩스,KR7058650003,KOSPI,A058650
세우글로벌,KR7013000005,KOSPI,A013000
세운메디칼,KR7100700004,KOSDAQ,A100700
세원,KR7234100006,KOSDAQ,A234100
세원물산,KR7024830002,KOSDAQ,A024830
세원셀론텍,KR7091090001,KOSPI,A091090
세원정공,KR7021820006,KOSPI,A021820
세이브존I&C,KR7067830000,KOSPI,A067830
세종공업,KR7033530007,KOSPI,A033530
세종머티리얼즈,KR7135270007,KONEX,A135270
세종메디칼,KR7258830009,KOSDAQ,A258830
세종텔레콤,KR7036630002,KOSDAQ,A036630
세중,KR7039310008,KOSDAQ,A039310
세진중공업,KR7075580001,KOSPI,A075580
세진티에스,KR7067770008,KOSDAQ,A067770
세코닉스,KR7053450003,KOSDAQ,A053450
세하,KR7027970003,KOSPI,A027970
세화아이엠씨,KR7145210001,KOSPI,A145210
세화피앤씨,KR7252500004,KOSDAQ,A252500
센트럴바이오,KR7051980001,KOSDAQ,A051980
셀루메드,KR7049180003,KOSDAQ,A049180
셀리드,KR7299660001,KOSDAQ,A299660
셀리버리,KR7268600004,KOSDAQ,A268600
셀바스AI,KR7108860008,KOSDAQ,A108860
셀바스헬스케어,KR7208370007,KOSDAQ,A208370
셀젠텍,KR7258250000,KONEX,A258250
셀트리온,KR7068270008,KOSPI,A068270
셀트리온제약,KR7068760008,KOSDAQ,A068760
셀트리온헬스케어,KR7091990002,KOSDAQ,A091990
소리바다,KR7053110003,KOSDAQ,A053110
소프트센,KR7032680001,KOSDAQ,A032680
소프트센우,KR7032681009,KOSDAQ,A032685
소프트캠프,KR7210610002,KONEX,A210610
손오공,KR7066910001,KOSDAQ,A066910
솔고바이오,KR7043100007,KOSDAQ,A043100
솔루에타,KR7154040000,KOSDAQ,A154040
솔본,KR7035610005,KOSDAQ,A035610
솔브레인,KR7036830008,KOSDAQ,A036830
솔트웍스,KR7230980005,KOSDAQ,A230980
송원산업,KR7004430005,KOSPI,A004430
쇼박스,KR7086980000,KOSDAQ,A086980
수산아이앤티,KR7050960004,KOSDAQ,A050960
수산중공업,KR7017550005,KOSPI,A017550
수성,KR7084180009,KOSDAQ,A084180
수젠텍,KR7253840003,KOSDAQ,A253840
수출포장,KR7002200004,KOSPI,A002200
수프로,KR7185190006,KONEX,A185190
슈펙스비앤피,KR7058530007,KOSDAQ,A058530
슈프리마,KR7236200002,KOSDAQ,A236200
슈프리마에이치큐,KR7094840006,KOSDAQ,A094840
슈피겐코리아,KR7192440006,KOSDAQ,A192440
스맥,KR7099440000,KOSDAQ,A099440
스카이라이프,KR7053210001,KOSPI,A053210
스카이문스테크놀로지,KR7033790007,KOSDAQ,A033790
스킨앤스킨,KR7159910009,KOSDAQ,A159910
스타플렉스,KR7115570004,KOSDAQ,A115570
스템랩,KR7258540004,KONEX,A258540
스튜디오드래곤,KR7253450001,KOSDAQ,A253450
스튜디오썸머,KR7008800005,KOSDAQ,A008800
스페코,KR7013810007,KOSDAQ,A013810
승일,KR7049830003,KOSDAQ,A049830
시공테크,KR7020710000,KOSDAQ,A020710
시그네틱스,KR7033170002,KOSDAQ,A033170
시그넷이브이,KR7260870001,KONEX,A260870
시너지이노베이션,KR7048870000,KOSDAQ,A048870
시노펙스,KR7025320003,KOSDAQ,A025320
시디즈,KR7134790005,KOSPI,A134790
시스웍,KR7269620001,KOSDAQ,A269620
시큐브,KR7131090003,KOSDAQ,A131090
시큐센,KR7232830000,KONEX,A232830
신대양제지,KR7016590002,KOSPI,A016590
신도리코,KR7029530003,KOSPI,A029530
신라교역,KR7004970000,KOSPI,A004970
신라섬유,KR7001000009,KOSDAQ,A001000
신라에스지,KR7025870007,KOSDAQ,A025870
신라젠,KR7215600008,KOSDAQ,A215600
신성델타테크,KR7065350001,KOSDAQ,A065350
신성이엔지,KR7011930005,KOSPI,A011930
신성통상,KR7005390000,KOSPI,A005390
신세계,KR7004170007,KOSPI,A004170
신세계 I&C,KR7035510007,KOSPI,A035510
신세계건설,KR7034300004,KOSPI,A034300
신세계인터내셔날,KR7031430002,KOSPI,A031430
신세계푸드,KR7031440001,KOSPI,A031440
신송홀딩스,KR7006880009,KOSPI,A006880
신스타임즈,KR7056000003,KOSDAQ,A056000
신신제약,KR7002800001,KOSDAQ,A002800
신영스팩4호,KR7307180000,KOSDAQ,A307180
신영스팩5호,KR7323280008,KOSDAQ,A323280
신영와코루,KR7005800008,KOSPI,A005800
신영증권,KR7001720002,KOSPI,A001720
신영증권우,KR7001721000,KOSPI,A001725
신원,KR7009270000,KOSPI,A009270
신원우,KR7009271008,KOSPI,A009275
신원종합개발,KR7017000001,KOSDAQ,A017000
신일산업,KR7002700003,KOSPI,A002700
신일제약,KR7012790002,KOSDAQ,A012790
신진에스엠,KR7138070008,KOSDAQ,A138070
신풍제약,KR7019170000,KOSPI,A019170
신풍제약우,KR7019171008,KOSPI,A019175
신풍제지,KR7002870004,KOSPI,A002870
신한,KR7005450002,KOSPI,A005450
신한BNPP서울시지하철9호선3호,KR572503A3B4,KOSPI,F72503A3B
신한BNPP서울시지하철9호선4호,KR572504A3B3,KOSPI,F72504A3B
신한알파리츠,KR7293940003,KOSPI,A293940
신한제3호스팩,KR7257730002,KOSDAQ,A257730
신한제4호스팩,KR7277480000,KOSDAQ,A277480
신한제5호스팩,KR7323230003,KOSDAQ,A323230
신한지주,KR7055550008,KOSPI,A055550
신화실업,KR7001770007,KOSPI,A001770
신화인터텍,KR7056700008,KOSDAQ,A056700
신화콘텍,KR7187270004,KOSDAQ,A187270
신흥,KR7004080008,KOSPI,A004080
신흥에스이씨,KR7243840006,KOSDAQ,A243840
실리콘웍스,KR7108320003,KOSDAQ,A108320
심텍,KR7222800005,KOSDAQ,A222800
심텍홀딩스,KR7036710002,KOSDAQ,A036710
싸이맥스,KR7160980009,KOSDAQ,A160980
싸이토젠,KR7217330000,KOSDAQ,A217330
쌍방울,KR7102280005,KOSPI,A102280
쌍용양회,KR7003410008,KOSPI,A003410
쌍용양회우,KR7003411006,KOSPI,A003415
쌍용정보통신,KR7010280006,KOSDAQ,A010280
쌍용차,KR7003620002,KOSPI,A003620
써니전자,KR7004770004,KOSPI,A004770
썬테크,KR7217320001,KONEX,A217320
썬텍,KR7122800006,KOSDAQ,A122800
썸에이지,KR7208640003,KOSDAQ,A208640
쎄노텍,KR7222420002,KOSDAQ,A222420
쎄니트,KR7037760006,KOSDAQ,A037760
쎄미시스코,KR7136510005,KOSDAQ,A136510
쎄트렉아이,KR7099320004,KOSDAQ,A099320
쎌바이오텍,KR7049960008,KOSDAQ,A049960
쏠리드,KR7050890003,KOSDAQ,A050890
씨씨에스,KR7066790007,KOSDAQ,A066790
씨아이에스,KR7222080004,KOSDAQ,A222080
씨아이테크,KR7004920005,KOSPI,A004920
씨알푸드,KR7236030003,KONEX,A236030
씨앗,KR7103660007,KONEX,A103660
씨앤에스링크,KR7245450002,KONEX,A245450
씨앤지하이테크,KR7264660002,KOSDAQ,A264660
씨에스윈드,KR7112610001,KOSPI,A112610
씨엔플러스,KR7115530008,KOSDAQ,A115530
씨엠에스에듀,KR7225330000,KOSDAQ,A225330
씨유메디칼,KR7115480006,KOSDAQ,A115480
씨이랩,KR7189330004,KONEX,A189330
씨젠,KR7096530001,KOSDAQ,A096530
씨케이에이치,KYG2114A1094,KOSDAQ,A900120
씨큐브,KR7101240000,KOSDAQ,A101240
씨트리,KR7047920004,KOSDAQ,A047920
씨티네트웍스,KR7189540008,KONEX,A189540
씨티씨바이오,KR7060590007,KOSDAQ,A060590
씨티젠,KR7036170009,KOSDAQ,A036170
씨티케이코스메틱스,KR7260930003,KOSDAQ,A260930
아가방컴퍼니,KR7013990007,KOSDAQ,A013990
아나패스,KR7123860009,KOSDAQ,A123860
아난티,KR7025980004,KOSDAQ,A025980
아남전자,KR7008700007,KOSPI,A008700
아리온,KR7058220005,KOSDAQ,A058220
아모그린텍,KR7125210005,KOSDAQ,A125210
아모레G,KR7002790004,KOSPI,A002790
아모레G우,KR7002791002,KOSPI,A002795
아모레퍼시픽,KR7090430000,KOSPI,A090430
아모레퍼시픽우,KR7090431008,KOSPI,A090435
아모텍,KR7052710001,KOSDAQ,A052710
아미노로직스,KR7074430000,KOSDAQ,A074430
아미코젠,KR7092040005,KOSDAQ,A092040
아바코,KR7083930008,KOSDAQ,A083930
아바텍,KR7149950008,KOSDAQ,A149950
아비코전자,KR7036010007,KOSDAQ,A036010
아세아,KR7002030005,KOSPI,A002030
아세아시멘트,KR7183190008,KOSPI,A183190
아세아제지,KR7002310001,KOSPI,A002310
아세아텍,KR7050860006,KOSDAQ,A050860
아스타,KR7246720007,KOSDAQ,A246720
아스트,KR7067390005,KOSDAQ,A067390
아시아경제,KR7127710002,KOSDAQ,A127710
아시아나IDT,KR7267850006,KOSPI,A267850
아시아나항공,KR7020560009,KOSPI,A020560
아시아종묘,KR7154030001,KOSDAQ,A154030
아우딘퓨쳐스,KR7227610003,KOSDAQ,A227610
아이디스,KR7143160000,KOSDAQ,A143160
아이디스홀딩스,KR7054800008,KOSDAQ,A054800
아이마켓코리아,KR7122900004,KOSPI,A122900
아이센스,KR7099190001,KOSDAQ,A099190
아이쓰리시스템,KR7214430001,KOSDAQ,A214430
아이씨디,KR7040910002,KOSDAQ,A040910
아이씨케이,KR7068940006,KOSDAQ,A068940
아이앤씨,KR7052860004,KOSDAQ,A052860
아이에스동서,KR7010780005,KOSPI,A010780
아이에스이커머스,KR7069920007,KOSDAQ,A069920
아이에이,KR7038880001,KOSDAQ,A038880
아이엘사이언스,KR7122050008,KONEX,A122050
아이엠,KR7101390003,KOSDAQ,A101390
아이엠텍,KR7226350007,KOSDAQ,A226350
아이오케이,KR7078860004,KOSDAQ,A078860
아이원스,KR7114810005,KOSDAQ,A114810
아이즈비전,KR7031310006,KOSDAQ,A031310
아이진,KR7185490000,KOSDAQ,A185490
아이컴포넌트,KR7059100008,KOSDAQ,A059100
아이케이세미콘,KR7149010001,KONEX,A149010
아이큐어,KR7175250000,KOSDAQ,A175250
아이크래프트,KR7052460003,KOSDAQ,A052460
아이텍,KR7119830008,KOSDAQ,A119830
아이티센,KR7124500000,KOSDAQ,A124500
아이피몬스터,KR7223220005,KONEX,A223220
아주IB투자,KR7027360007,KOSDAQ,A027360
아주캐피탈,KR7033660002,KOSPI,A033660
아즈텍WB,KR7032080004,KOSDAQ,A032080
아진산업,KR7013310008,KOSDAQ,A013310
아진엑스텍,KR7059120006,KOSDAQ,A059120
아프리카TV,KR7067160002,KOSDAQ,A067160
안국약품,KR7001540004,KOSDAQ,A001540
안랩,KR7053800009,KOSDAQ,A053800
안지오랩,KR7251280004,KONEX,A251280
안트로젠,KR7065660003,KOSDAQ,A065660
알로이스,KR7271400004,KONEX,A271400
알루코,KR7001780006,KOSPI,A001780
알리코제약,KR7260660006,KOSDAQ,A260660
알서포트,KR7131370009,KOSDAQ,A131370
알에스오토메이션,KR7140670001,KOSDAQ,A140670
알에프세미,KR7096610001,KOSDAQ,A096610
알에프텍,KR7061040002,KOSDAQ,A061040
알엔투테크놀로지,KR7148250004,KOSDAQ,A148250
알테오젠,KR7196170005,KOSDAQ,A196170
알톤스포츠,KR7123750002,KOSDAQ,A123750
알티캐스트,KR7085810000,KOSDAQ,A085810
알파홀딩스,KR7117670000,KOSDAQ,A117670
압타바이오,KR7293780003,KOSDAQ,A293780
앙츠,KR7267810000,KONEX,A267810
애경산업,KR7018250001,KOSPI,A018250
애경유화,KR7161000005,KOSPI,A161000
애니젠,KR7196300008,KOSDAQ,A196300
액션스퀘어,KR7205500002,KOSDAQ,A205500
액토즈소프트,KR7052790003,KOSDAQ,A052790
액트,KR7131400004,KOSDAQ,A131400
액트로,KR7290740000,KOSDAQ,A290740
앤디포스,KR7238090005,KOSDAQ,A238090
앤씨앤,KR7092600006,KOSDAQ,A092600
앤유엔터테인먼트,KR7266170000,KONEX,A266170
앱클론,KR7174900001,KOSDAQ,A174900
야스,KR7255440000,KOSDAQ,A255440
양지사,KR7030960009,KOSDAQ,A030960
어보브반도체,KR7102120003,KOSDAQ,A102120
엄지하우스,KR7224810002,KONEX,A224810
에너전트,KR7041590001,KOSDAQ,A041590
에너토크,KR7019990001,KOSDAQ,A019990
에넥스,KR7011090008,KOSPI,A011090
에듀파트너,KR7208890004,KONEX,A208890
에버다임,KR7041440009,KOSDAQ,A041440
에브리봇,KR7270660004,KONEX,A270660
에스넷,KR7038680005,KOSDAQ,A038680
에스디생명공학,KR7217480003,KOSDAQ,A217480
에스디시스템,KR7121890008,KOSDAQ,A121890
에스마크,KR7030270003,KOSDAQ,A030270
에스맥,KR7097780001,KOSDAQ,A097780
에스모,KR7073070005,KOSDAQ,A073070
에스씨디,KR7042110007,KOSDAQ,A042110
에스아이리소스,KR7065420002,KOSDAQ,A065420
에스알바이오텍,KR7270210008,KONEX,A270210
에스앤더블류,KR7103230009,KOSDAQ,A103230
에스앤디,KR7260970009,KONEX,A260970
에스앤씨엔진그룹,HK0000055043,KOSDAQ,A900080
에스앤에스텍,KR7101490001,KOSDAQ,A101490
에스에너지,KR7095910006,KOSDAQ,A095910
에스에스알,KR7275630002,KOSDAQ,A275630
에스에이엠티,KR7031330004,KOSDAQ,A031330
에스에이티,KR7060540002,KOSDAQ,A060540
에스에이티이엔지,KR7158300004,KONEX,A158300
에스에프씨,KR7112240007,KOSDAQ,A112240
에스에프에이,KR7056190002,KOSDAQ,A056190
에스엔유,KR7080000003,KOSDAQ,A080000
에스엔텍,KR7160600003,KOSDAQ,A160600
에스엔피제네틱스,KR7086460003,KONEX,A086460
에스엘,KR7005850003,KOSPI,A005850
에스엘에스바이오,KR7246250005,KONEX,A246250
에스엠,KR7041510009,KOSDAQ,A041510
에스엠비나,KR7299670000,KONEX,A299670
에스엠코어,KR7007820004,KOSDAQ,A007820
에스와이,KR7109610006,KOSDAQ,A109610
에스원,KR7012750006,KOSPI,A012750
에스제이케이,KR7080440001,KOSDAQ,A080440
에스제이켐,KR7217910009,KONEX,A217910
에스케이씨에스,KR7224020008,KONEX,A224020
에스코넥,KR7096630009,KOSDAQ,A096630
에스텍,KR7069510006,KOSDAQ,A069510
에스텍파마,KR7041910001,KOSDAQ,A041910
에스트래픽,KR7234300002,KOSDAQ,A234300
에스티아이,KR7039440003,KOSDAQ,A039440
에스티오,KR7098660004,KOSDAQ,A098660
에스티큐브,KR7052020005,KOSDAQ,A052020
에스티팜,KR7237690003,KOSDAQ,A237690
에스폴리텍,KR7050760008,KOSDAQ,A050760
에스퓨얼셀,KR7288620008,KOSDAQ,A288620
에스피지,KR7058610007,KOSDAQ,A058610
에쎈테크,KR7043340009,KOSDAQ,A043340
에쓰씨엔지니어링,KR7023960008,KOSPI,A023960
에어부산,KR7298690009,KOSPI,A298690
에이디칩스,KR7054630009,KOSDAQ,A054630
에이디테크놀로지,KR7200710002,KOSDAQ,A200710
에이리츠,KR7140910001,KOSPI,A140910
에이블씨엔씨,KR7078520004,KOSPI,A078520
에이비엘바이오,KR7298380007,KOSDAQ,A298380
에이비온,KR7203400007,KONEX,A203400
에이스침대,KR7003800000,KOSDAQ,A003800
에이스테크,KR7088800008,KOSDAQ,A088800
에이씨티,KR7138360003,KOSDAQ,A138360
에이아이비트,KR7039230008,KOSDAQ,A039230
에이앤티앤,KR7050320001,KOSDAQ,A050320
에이에프더블류,KR7312610009,KOSDAQ,A312610
에이엔피,KR7015260003,KOSPI,A015260
에이원알폼,KR7234070001,KONEX,A234070
에이치시티,KR7072990005,KOSDAQ,A072990
에이치엔에스하이텍,KR7044990000,KONEX,A044990
에이치엔티,KR7176440006,KOSDAQ,A176440
에이치엘비,KR7028300002,KOSDAQ,A028300
에이치엘비생명과학,KR7067630004,KOSDAQ,A067630
에이치엘비파워,KR7043220003,KOSDAQ,A043220
에이치엘사이언스,KR7239610009,KOSDAQ,A239610
에이치케이,KR7044780005,KOSDAQ,A044780
에이테크솔루션,KR7071670004,KOSDAQ,A071670
에이텍,KR7045660008,KOSDAQ,A045660
에이텍티앤,KR7224110007,KOSDAQ,A224110
에이티넘인베스트,KR7021080007,KOSDAQ,A021080
에이티세미콘,KR7089530000,KOSDAQ,A089530
에이펙스인텍,KR7207490004,KONEX,A207490
에이프로젠 H&G,KR7109960005,KOSDAQ,A109960
에이프로젠 KIC,KR7007460009,KOSPI,A007460
에이프로젠제약,KR7003060001,KOSPI,A003060
에이피티씨,KR7089970008,KOSDAQ,A089970
에치에프알,KR7230240004,KOSDAQ,A230240
에코마이스터,KR7064510001,KOSDAQ,A064510
에코마케팅,KR7230360000,KOSDAQ,A230360
에코바이오,KR7038870002,KOSDAQ,A038870
에코캡,KR7128540002,KOSDAQ,A128540
에코프로,KR7086520004,KOSDAQ,A086520
에코프로비엠,KR7247540008,KOSDAQ,A247540
에코플라스틱,KR7038110003,KOSDAQ,A038110
에프알텍,KR7073540007,KOSDAQ,A073540
에프앤가이드,KR7064850001,KONEX,A064850
에프앤리퍼블릭,KR7064090004,KOSDAQ,A064090
에프에스티,KR7036810000,KOSDAQ,A036810
에프엔씨엔터,KR7173940008,KOSDAQ,A173940
에프엔에스테크,KR7083500009,KOSDAQ,A083500
엑사이엔씨,KR7054940002,KOSDAQ,A054940
엑세스바이오,KR8840090003,KOSDAQ,A950130
엑셈,KR7205100001,KOSDAQ,A205100
엑시콘,KR7092870005,KOSDAQ,A092870
엔브이에이치코리아,KR7067570002,KOSDAQ,A067570
엔솔바이오사이언스,KR7140610007,KONEX,A140610
엔시트론,KR7101400000,KOSDAQ,A101400
엔씨소프트,KR7036570000,KOSPI,A036570
엔에스,KR7217820000,KOSDAQ,A217820
엔에스쇼핑,KR7138250006,KOSPI,A138250
엔에스엔,KR7031860000,KOSDAQ,A031860
엔에스컴퍼니,KR7224760009,KONEX,A224760
엔에이치스팩10호,KR7256630005,KOSDAQ,A256630
엔에이치스팩11호,KR7256840000,KOSDAQ,A256840
엔에이치스팩12호,KR7273060004,KOSDAQ,A273060
엔에이치스팩13호,KR7310840004,KOSDAQ,A310840
엔에이치스팩14호,KR7319400008,KOSDAQ,A319400
엔지스테크널러지,KR7208860007,KOSDAQ,A208860
엔지켐생명과학,KR7183490002,KOSDAQ,A183490
엔케이,KR7085310001,KOSPI,A085310
엔케이맥스,KR7182400002,KOSDAQ,A182400
엔케이물산,KR7009810003,KOSPI,A009810
엔터메이트,KR7206400004,KOSDAQ,A206400
엔텔스,KR7069410009,KOSDAQ,A069410
엔피케이,KR7048830004,KOSDAQ,A048830
엘디티,KR7096870001,KOSDAQ,A096870
엘리비젼,KR7276240009,KONEX,A276240
엘브이엠씨홀딩스,KYG5307W1015,KOSPI,A900140
엘비세미콘,KR7061970000,KOSDAQ,A061970
엘아이에스,KR7138690003,KOSDAQ,A138690
엘앤씨바이오,KR7290650001,KOSDAQ,A290650
엘앤에프,KR7066970005,KOSDAQ,A066970
엘앤케이바이오,KR7156100000,KOSDAQ,A156100
엘에이티,KR7311060008,KONEX,A311060
엘엠에스,KR7073110009,KOSDAQ,A073110
엘오티베큠,KR7083310003,KOSDAQ,A083310
엘컴텍,KR7037950003,KOSDAQ,A037950
엘티씨,KR7170920003,KOSDAQ,A170920
엠게임,KR7058630005,KOSDAQ,A058630
엠로,KR7058970005,KONEX,A058970
엠벤처투자,KR7019590009,KOSDAQ,A019590
엠씨넥스,KR7097520001,KOSDAQ,A097520
엠아이텍,KR7179290002,KOSDAQ,A179290
엠앤씨생명과학,KR7225860006,KONEX,A225860
엠에스씨,KR7009780008,KOSDAQ,A009780
엠에스오토텍,KR7123040008,KOSDAQ,A123040
엠에프엠코리아,KR7251960001,KONEX,A251960
엠젠플러스,KR7032790008,KOSDAQ,A032790
엠케이전자,KR7033160003,KOSDAQ,A033160
엠코르셋,KR7204020002,KOSDAQ,A204020
엠플러스,KR7259630002,KOSDAQ,A259630
연우,KR7115960007,KOSDAQ,A115960
연이정보통신,KR7090740002,KOSDAQ,A090740
영보화학,KR7014440002,KOSPI,A014440
영신금속,KR7007530009,KOSDAQ,A007530
영우디에스피,KR7143540003,KOSDAQ,A143540
영원무역,KR7111770004,KOSPI,A111770
영원무역홀딩스,KR7009970005,KOSPI,A009970
영인프런티어,KR7036180008,KOSDAQ,A036180
영진약품,KR7003520004,KOSPI,A003520
영풍,KR7000670000,KOSPI,A000670
영풍정밀,KR7036560001,KOSDAQ,A036560
영풍제지,KR7006740005,KOSPI,A006740
영화금속,KR7012280004,KOSPI,A012280
영화테크,KR7265560003,KOSDAQ,A265560
영흥철강,KR7012160008,KOSPI,A012160
예림당,KR7036000008,KOSDAQ,A036000
예스24,KR7053280004,KOSDAQ,A053280
예스코홀딩스,KR7015360001,KOSPI,A015360
예스티,KR7122640006,KOSDAQ,A122640
옐로페이,KR7179720008,KONEX,A179720
오가닉티코스메틱,HK0000312568,KOSDAQ,A900300
오공,KR7045060001,KOSDAQ,A045060
오디텍,KR7080520000,KOSDAQ,A080520
오뚜기,KR7007310006,KOSPI,A007310
오렌지라이프,KR7079440004,KOSPI,A079440
오로라,KR7039830005,KOSDAQ,A039830
오르비텍,KR7046120002,KOSDAQ,A046120
오리엔탈정공,KR7014940001,KOSDAQ,A014940
오리엔트바이오,KR7002630002,KOSPI,A002630
오리엔트정공,KR7065500001,KOSDAQ,A065500
오리온,KR7271560005,KOSPI,A271560
오리온홀딩스,KR7001800002,KOSPI,A001800
오리콤,KR7010470003,KOSDAQ,A010470
오상자이엘,KR7053980009,KOSDAQ,A053980
오성첨단소재,KR7052420007,KOSDAQ,A052420
오션브릿지,KR7241790005,KOSDAQ,A241790
오스코텍,KR7039200001,KOSDAQ,A039200
오스테오닉,KR7226400000,KOSDAQ,A226400
오스템,KR7031510001,KOSDAQ,A031510
오스템임플란트,KR7048260004,KOSDAQ,A048260
오이솔루션,KR7138080007,KOSDAQ,A138080
오킨스전자,KR7080580004,KOSDAQ,A080580
오텍,KR7067170001,KOSDAQ,A067170
오파스넷,KR7173130006,KOSDAQ,A173130
오픈베이스,KR7049480007,KOSDAQ,A049480
올릭스,KR7226950004,KOSDAQ,A226950
옴니시스템,KR7057540007,KOSDAQ,A057540
옴니텔,KR7057680001,KOSDAQ,A057680
옵토팩,KR7123010001,KOSDAQ,A123010
옵트론텍,KR7082210006,KOSDAQ,A082210
옵티시스,KR7109080002,KOSDAQ,A109080
옵티팜,KR7153710009,KOSDAQ,A153710
와이디온라인,KR7052770005,KOSDAQ,A052770
와이비엠넷,KR7057030009,KOSDAQ,A057030
와이솔,KR7122990005,KOSDAQ,A122990
와이아이케이,KR7232140004,KOSDAQ,A232140
와이엔텍,KR7067900001,KOSDAQ,A067900
와이엠씨,KR7155650005,KOSDAQ,A155650
와이엠티,KR7251370003,KOSDAQ,A251370
와이오엠,KR7066430000,KOSDAQ,A066430
와이제이엠게임즈,KR7193250008,KOSDAQ,A193250
와이지-원,KR7019210004,KOSDAQ,A019210
와이지엔터테인먼트,KR7122870009,KOSDAQ,A122870
와토스코리아,KR7079000006,KOSDAQ,A079000
용평리조트,KR7070960000,KOSPI,A070960
우노앤컴퍼니,KR7114630007,KOSDAQ,A114630
우리금융지주,KR7316140003,KOSPI,A316140
우리기술,KR7032820003,KOSDAQ,A032820
우리기술투자,KR7041190000,KOSDAQ,A041190
우리넷,KR7115440000,KOSDAQ,A115440
우리들제약,KR7004720009,KOSPI,A004720
우리들휴브레인,KR7118000009,KOSPI,A118000
우리로,KR7046970000,KOSDAQ,A046970
우리바이오,KR7082850009,KOSDAQ,A082850
우리산업,KR7215360009,KOSDAQ,A215360
우리산업홀딩스,KR7072470008,KOSDAQ,A072470
우리손에프앤지,KR7073560005,KOSDAQ,A073560
우리이앤엘,KR7153490008,KOSDAQ,A153490
우리조명,KR7037400009,KOSDAQ,A037400
우리종금,KR7010050003,KOSPI,A010050
우림기계,KR7101170009,KOSDAQ,A101170
우성사료,KR7006980007,KOSPI,A006980
우수AMS,KR7066590001,KOSDAQ,A066590
우신시스템,KR7017370008,KOSPI,A017370
우원개발,KR7046940003,KOSDAQ,A046940
우정바이오,KR7215380007,KOSDAQ,A215380
우주일렉트로,KR7065680001,KOSDAQ,A065680
우진,KR7105840003,KOSPI,A105840
우진비앤지,KR7018620005,KOSDAQ,A018620
우진아이엔에스,KR7010400000,KOSPI,A010400
우진플라임,KR7049800006,KOSPI,A049800
웅진,KR7016880007,KOSPI,A016880
웅진씽크빅,KR7095720009,KOSPI,A095720
웅진에너지,KR7103130001,KOSPI,A103130
웅진코웨이,KR7021240007,KOSPI,A021240
원림,KR7005820006,KOSPI,A005820
원바이오젠,KR7278380001,KONEX,A278380
원익,KR7032940009,KOSDAQ,A032940
원익IPS,KR7240810002,KOSDAQ,A240810
원익QnC,KR7074600008,KOSDAQ,A074600
원익머트리얼즈,KR7104830005,KOSDAQ,A104830
원익큐브,KR7014190003,KOSDAQ,A014190
원익홀딩스,KR7030530000,KOSDAQ,A030530
원일특강,KR7012620001,KOSDAQ,A012620
원텍,KR7216280008,KONEX,A216280
원풍,KR7008370009,KOSDAQ,A008370
원풍물산,KR7008290009,KOSDAQ,A008290
월덱스,KR7101160000,KOSDAQ,A101160
웨이브일렉트로,KR7095270005,KOSDAQ,A095270
웰바이오텍,KR7010600005,KOSPI,A010600
웰크론,KR7065950008,KOSDAQ,A065950
웰크론강원,KR7114190002,KOSDAQ,A114190
웰크론한텍,KR7076080001,KOSDAQ,A076080
웹스,KR7196700009,KOSDAQ,A196700
웹젠,KR7069080000,KOSDAQ,A069080
웹케시,KR7053580007,KOSDAQ,A053580
위닉스,KR7044340008,KOSDAQ,A044340
위메이드,KR7112040001,KOSDAQ,A112040
위세아이텍,KR7065370009,KONEX,A065370
위월드,KR7140660002,KONEX,A140660
위즈코프,KR7038620001,KOSDAQ,A038620
위지윅스튜디오,KR7299900001,KOSDAQ,A299900
위지트,KR7036090009,KOSDAQ,A036090
윈스,KR7136540002,KOSDAQ,A136540
윈팩,KR7097800007,KOSDAQ,A097800
윈하이텍,KR7192390003,KOSDAQ,A192390
윌비스,KR7008600009,KOSPI,A008600
윙입푸드,HK0000449303,KOSDAQ,A900340
유경공모부동산1호ClassA,KR5756017764,KOSPI,F75601776
유경공모부동산1호ClassF,KR5756027763,KOSPI,F75602776
유경공모부동산2호ClassA,KR5756027821,KOSPI,F75602782
유경공모부동산2호ClassF,KR5756017822,KOSPI,F75601782
유나이티드제약,KR7033270000,KOSPI,A033270
유니드,KR7014830004,KOSPI,A014830
유니셈,KR7036200004,KOSDAQ,A036200
유니슨,KR7018000000,KOSDAQ,A018000
유니온,KR7000910000,KOSPI,A000910
유니온머티리얼,KR7047400007,KOSPI,A047400
유니온커뮤니티,KR7203450002,KOSDAQ,A203450
유니켐,KR7011330008,KOSPI,A011330
유니퀘스트,KR7077500007,KOSPI,A077500
유니크,KR7011320009,KOSDAQ,A011320
유니테스트,KR7086390002,KOSDAQ,A086390
유니테크노,KR7241690007,KOSDAQ,A241690
유니트론텍,KR7142210004,KOSDAQ,A142210
유니포인트,KR7121060008,KONEX,A121060
유라테크,KR7048430003,KOSDAQ,A048430
유바이오로직스,KR7206650004,KOSDAQ,A206650
유비벨록스,KR7089850002,KOSDAQ,A089850
유비온,KR7084440007,KONEX,A084440
유비케어,KR7032620007,KOSDAQ,A032620
유비쿼스,KR7264450008,KOSDAQ,A264450
유비쿼스홀딩스,KR7078070000,KOSDAQ,A078070
유성기업,KR7002920007,KOSPI,A002920
유성티엔에스,KR7024800005,KOSDAQ,A024800
유수홀딩스,KR7000700005,KOSPI,A000700
유신,KR7054930003,KOSDAQ,A054930
유쎌,KR7252370002,KONEX,A252370
유아이디,KR7069330009,KOSDAQ,A069330
유아이엘,KR7049520000,KOSDAQ,A049520
유안타제3호스팩,KR7287410005,KOSDAQ,A287410
유안타제4호스팩,KR7313750002,KOSDAQ,A313750
유안타증권,KR7003470002,KOSPI,A003470
유안타증권우,KR7003471000,KOSPI,A003475
유앤아이,KR7056090004,KOSDAQ,A056090
유양디앤유,KR7011690005,KOSPI,A011690
유에스티,KR7263770000,KOSDAQ,A263770
유엔젤,KR7072130008,KOSPI,A072130
유유제약,KR7000220004,KOSPI,A000220
유유제약1우,KR7000221002,KOSPI,A000225
유유제약2우B,KR7000222000,KOSPI,A000227
유지인트,KR7195990007,KOSDAQ,A195990
유진기업,KR7023410004,KOSDAQ,A023410
유진로봇,KR7056080005,KOSDAQ,A056080
유진스팩4호,KR7321260002,KOSDAQ,A321260
유진테크,KR7084370006,KOSDAQ,A084370
유진투자증권,KR7001200005,KOSPI,A001200
유테크,KR7178780003,KOSDAQ,A178780
유투바이오,KR7221800006,KONEX,A221800
유티아이,KR7179900006,KOSDAQ,A179900
유틸렉스,KR7263050007,KOSDAQ,A263050
유한양행,KR7000100008,KOSPI,A000100
유한양행우,KR7000101006,KOSPI,A000105
유화증권,KR7003460003,KOSPI,A003460
유화증권우,KR7003461001,KOSPI,A003465
육일씨엔에쓰,KR7191410000,KOSDAQ,A191410
율촌화학,KR7008730004,KOSPI,A008730
이건산업,KR7008250003,KOSPI,A008250
이건홀딩스,KR7039020003,KOSDAQ,A039020
이구산업,KR7025820002,KOSPI,A025820
이그잭스,KR7060230000,KOSDAQ,A060230
이글루시큐리티,KR7067920009,KOSDAQ,A067920
이글벳,KR7044960003,KOSDAQ,A044960
이노메트리,KR7302430004,KOSDAQ,A302430
이노벡스,KR7279060008,KONEX,A279060
이노션,KR7214320004,KOSPI,A214320
이노와이어리스,KR7073490005,KOSDAQ,A073490
이노인스트루먼트,KR7215790007,KOSDAQ,A215790
이노테라피,KR7246960009,KOSDAQ,A246960
이녹스,KR7088390000,KOSDAQ,A088390
이녹스첨단소재,KR7272290008,KOSDAQ,A272290
이니텍,KR7053350005,KOSDAQ,A053350
이더블유케이,KR7258610005,KOSDAQ,A258610
이라이콤,KR7041520008,KOSDAQ,A041520
이랜텍,KR7054210000,KOSDAQ,A054210
이루온,KR7065440000,KOSDAQ,A065440
이리츠코크렙,KR7088260005,KOSPI,A088260
이마트,KR7139480008,KOSPI,A139480
이매진아시아,KR7036260008,KOSDAQ,A036260
이미지스,KR7115610008,KOSDAQ,A115610
이베스트투자증권,KR7078020005,KOSDAQ,A078020
이비테크,KR7208850008,KONEX,A208850
이상네트웍스,KR7080010002,KOSDAQ,A080010
이수앱지스,KR7086890001,KOSDAQ,A086890
이수페타시스,KR7007660004,KOSPI,A007660
이수화학,KR7005950001,KOSPI,A005950
이스타코,KR7015020001,KOSPI,A015020
이스트소프트,KR7047560008,KOSDAQ,A047560
이스트아시아홀딩스,HK0000057197,KOSDAQ,A900110
이씨에스,KR7067010009,KOSDAQ,A067010
이아이디,KR7093230001,KOSPI,A093230
이에스브이,KR7223310004,KOSDAQ,A223310
이에스산업,KR7241510007,KONEX,A241510
이에스에이,KR7052190006,KOSDAQ,A052190
이엑스티,KR7226360006,KOSDAQ,A226360
이엔드디,KR7101360006,KONEX,A101360
이엔에프테크놀로지,KR7102710001,KOSDAQ,A102710
이엘케이,KR7094190006,KOSDAQ,A094190
이엘피,KR7063760003,KOSDAQ,A063760
이엠넷,KR7123570004,KOSDAQ,A123570
이엠코리아,KR7095190005,KOSDAQ,A095190
이엠텍,KR7091120006,KOSDAQ,A091120
이엠티,KR7232530006,KONEX,A232530
이연제약,KR7102460003,KOSPI,A102460
이오테크닉스,KR7039030002,KOSDAQ,A039030
이원컴포텍,KR7088290002,KOSDAQ,A088290
이월드,KR7084680008,KOSPI,A084680
이즈미디어,KR7181340001,KOSDAQ,A181340
이지바이오,KR7035810001,KOSDAQ,A035810
이지스161호,KR57470177C3,KOSPI,F7470177C
이지스187호,KR5747017840,KOSPI,F74701784
이지스196호 Class A,KR5747017865,KOSPI,F74701786
이지스204호 Class A,KR5747017899,KOSPI,F74701789
이지스229호 Class A,KR574701B8A0,KOSPI,F74701B8A
이지스229호 Class C-I,KR574702B8A9,KOSPI,F74702B8A
이지스239호 Class A,KR574701B8B8,KOSPI,F74701B8B
이지스리테일194호,KR5747027864,KOSPI,F74702786
이지스부동산투자신탁145호,KR5747017790,KOSPI,F74701779
이지스코어부동산126호 A,KR5747017766,KOSPI,F74701776
이지스코어부동산126호 C-i,KR5747027765,KOSPI,F74702776
이지스코어부동산제117호A,KR5747017725,KOSPI,F74701772
이지스코어부동산제117호F,KR5747027724,KOSPI,F74702772
이지웰페어,KR7090850009,KOSDAQ,A090850
이지케어텍,KR7099750002,KOSDAQ,A099750
이크레더블,KR7092130004,KOSDAQ,A092130
이테크건설,KR7016250003,KOSDAQ,A016250
이트론,KR7096040001,KOSDAQ,A096040
이퓨쳐,KR7134060003,KOSDAQ,A134060
이화공영,KR7001840008,KOSDAQ,A001840
이화산업,KR7000760009,KOSPI,A000760
이화전기,KR7024810004,KOSDAQ,A024810
인디에프,KR7014990006,KOSPI,A014990
인바디,KR7041830001,KOSDAQ,A041830
인베니아,KR7079950002,KOSDAQ,A079950
인산가,KR7277410007,KOSDAQ,A277410
인선이엔티,KR7060150000,KOSDAQ,A060150
인성정보,KR7033230004,KOSDAQ,A033230
인스코비,KR7006490007,KOSPI,A006490
인지디스플레,KR7037330008,KOSDAQ,A037330
인지컨트롤스,KR7023800006,KOSPI,A023800
인천도시가스,KR7034590000,KOSPI,A034590
인카금융서비스,KR7211050000,KONEX,A211050
인콘,KR7083640003,KOSDAQ,A083640
인크로스,KR7216050005,KOSDAQ,A216050
인탑스,KR7049070006,KOSDAQ,A049070
인터로조,KR7119610004,KOSDAQ,A119610
인터불스,KR7158310003,KOSDAQ,A158310
인터엠,KR7017250002,KOSDAQ,A017250
인터지스,KR7129260006,KOSPI,A129260
인터코스,KR7240340000,KONEX,A240340
인터파크,KR7108790007,KOSDAQ,A108790
인터파크홀딩스,KR7035080001,KOSDAQ,A035080
인터플렉스,KR7051370005,KOSDAQ,A051370
인텍플러스,KR7064290000,KOSDAQ,A064290
인텔리안테크,KR7189300007,KOSDAQ,A189300
인트로메딕,KR7150840007,KOSDAQ,A150840
인트론바이오,KR7048530000,KOSDAQ,A048530
인팩,KR7023810005,KOSPI,A023810
인포마크,KR7175140003,KOSDAQ,A175140
인포바인,KR7115310005,KOSDAQ,A115310
인포뱅크,KR7039290002,KOSDAQ,A039290
인프라웨어,KR7041020009,KOSDAQ,A041020
인프라웨어테크놀러지,KR7247300007,KONEX,A247300
인피니트헬스케어,KR7071200000,KOSDAQ,A071200
인화정공,KR7101930006,KOSDAQ,A101930
일동제약,KR7249420001,KOSPI,A249420
일동홀딩스,KR7000230003,KOSPI,A000230
일성건설,KR7013360003,KOSPI,A013360
일성신약,KR7003120003,KOSPI,A003120
일신바이오,KR7068330000,KOSDAQ,A068330
일신방직,KR7003200003,KOSPI,A003200
일신석재,KR7007110000,KOSPI,A007110
일야,KR7058450008,KOSDAQ,A058450
일양약품,KR7007570005,KOSPI,A007570
일양약품우,KR7007571003,KOSPI,A007575
일정실업,KR7008500001,KOSPI,A008500
일지테크,KR7019540004,KOSDAQ,A019540
일진다이아,KR7081000002,KOSPI,A081000
일진디스플,KR7020760005,KOSPI,A020760
일진머티리얼즈,KR7020150009,KOSPI,A020150
일진전기,KR7103590006,KOSPI,A103590
일진파워,KR7094820008,KOSDAQ,A094820
일진홀딩스,KR7015860000,KOSPI,A015860
잇츠한불,KR7226320000,KOSPI,A226320
잉글우드랩,KR8840110108,KOSDAQ,A950140
잉크테크,KR7049550007,KOSDAQ,A049550
자비스,KR7230400004,KONEX,A230400
자연과환경,KR7043910009,KOSDAQ,A043910
자이글,KR7234920007,KOSDAQ,A234920
자화전자,KR7033240003,KOSPI,A033240
장원테크,KR7174880005,KOSDAQ,A174880
재영솔루텍,KR7049630007,KOSDAQ,A049630
전방,KR7000950006,KOSPI,A000950
전우정밀,KR7120780002,KONEX,A120780
전진바이오팜,KR7110020005,KOSDAQ,A110020
전파기지국,KR7065530008,KOSDAQ,A065530
정다운,KR7208140004,KOSDAQ,A208140
정산애강,KR7022220008,KOSDAQ,A022220
정상제이엘에스,KR7040420002,KOSDAQ,A040420
정원엔시스,KR7045510005,KOSDAQ,A045510
제낙스,KR7065620007,KOSDAQ,A065620
제너셈,KR7217190008,KOSDAQ,A217190
제넥신,KR7095700001,KOSDAQ,A095700
제넨바이오,KR7072520000,KOSDAQ,A072520
제노레이,KR7122310006,KOSDAQ,A122310
제노텍,KR7066830001,KONEX,A066830
제노포커스,KR7187420005,KOSDAQ,A187420
제놀루션,KR7225220003,KONEX,A225220
제닉,KR7123330003,KOSDAQ,A123330
제로투세븐,KR7159580000,KOSDAQ,A159580
제룡산업,KR7147830004,KOSDAQ,A147830
제룡전기,KR7033100009,KOSDAQ,A033100
제미니투자,KR7019570001,KOSDAQ,A019570
제우스,KR7079370003,KOSDAQ,A079370
제이브이엠,KR7054950001,KOSDAQ,A054950
제이스테판,KR7096690003,KOSDAQ,A096690
제이스텍,KR7090470006,KOSDAQ,A090470
제이씨케미칼,KR7137950002,KOSDAQ,A137950
제이씨현시스템,KR7033320003,KOSDAQ,A033320
제이에스코퍼레이션,KR7194370003,KOSPI,A194370
제이에스티나,KR7026040006,KOSDAQ,A026040
제이엔케이히터,KR7126880004,KOSDAQ,A126880
제이엠아이,KR7033050006,KOSDAQ,A033050
제이엠티,KR7094970001,KOSDAQ,A094970
제이웨이,KR7058420001,KOSDAQ,A058420
제이준코스메틱,KR7025620006,KOSPI,A025620
제이콘텐트리,KR7036420008,KOSDAQ,A036420
제이테크놀로지,KR7035480003,KOSDAQ,A035480
제이티,KR7089790000,KOSDAQ,A089790
제일기획,KR7030000004,KOSPI,A030000
제일바이오,KR7052670007,KOSDAQ,A052670
제일약품,KR7271980005,KOSPI,A271980
제일연마,KR7001560002,KOSPI,A001560
제일제강,KR7023440001,KOSDAQ,A023440
제일테크노스,KR7038010005,KOSDAQ,A038010
제일파마홀딩스,KR7002620003,KOSPI,A002620
제주반도체,KR7080220007,KOSDAQ,A080220
제주은행,KR7006220008,KOSPI,A006220
제주항공,KR7089590004,KOSPI,A089590
젠큐릭스,KR7229000005,KONEX,A229000
젬백스,KR7082270000,KOSDAQ,A082270
조광ILI,KR7044060002,KOSDAQ,A044060
조광페인트,KR7004910006,KOSPI,A004910
조광피혁,KR7004700001,KOSPI,A004700
조비,KR7001550003,KOSPI,A001550
조선내화,KR7000480004,KOSPI,A000480
조선선재,KR7120030002,KOSPI,A120030
조아제약,KR7034940007,KOSDAQ,A034940
조이맥스,KR7101730000,KOSDAQ,A101730
조이시티,KR7067000000,KOSDAQ,A067000
조일알미늄,KR7018470005,KOSPI,A018470
조흥,KR7002600005,KOSPI,A002600
종근당,KR7185750007,KOSPI,A185750
종근당바이오,KR7063160006,KOSPI,A063160
종근당홀딩스,KR7001630003,KOSPI,A001630
좋은사람들,KR7033340001,KOSDAQ,A033340
주노콜렉션,KR7221670003,KONEX,A221670
주성엔지니어링,KR7036930006,KOSDAQ,A036930
주연테크,KR7044380004,KOSPI,A044380
줌인터넷,KR7239340003,KOSDAQ,A239340
중앙백신,KR7072020001,KOSDAQ,A072020
중앙에너비스,KR7000440008,KOSDAQ,A000440
중앙오션,KR7054180005,KOSDAQ,A054180
지노믹트리,KR7228760005,KOSDAQ,A228760
지놈앤컴퍼니,KR7314130006,KONEX,A314130
지니뮤직,KR7043610005,KOSDAQ,A043610
지니언스,KR7263860009,KOSDAQ,A263860
지란지교시큐리티,KR7208350009,KOSDAQ,A208350
지스마트글로벌,KR7114570005,KOSDAQ,A114570
지앤이헬스케어,KR7299480004,KONEX,A299480
지어소프트,KR7051160000,KOSDAQ,A051160
지에스이,KR7053050001,KOSDAQ,A053050
지엔씨에너지,KR7119850006,KOSDAQ,A119850
지엔코,KR7065060006,KOSDAQ,A065060
지엘팜텍,KR7204840003,KOSDAQ,A204840
지엠비코리아,KR7013870001,KOSPI,A013870
지엠피,KR7018290007,KOSDAQ,A018290
지역난방공사,KR7071320006,KOSPI,A071320
지오씨,KR7135160000,KONEX,A135160
지와이커머스,KR7111820007,KOSDAQ,A111820
지코,KR7010580009,KOSPI,A010580
지투알,KR7035000009,KOSPI,A035000
지투하이소닉,KR7106080005,KOSDAQ,A106080
지트리비앤티,KR7115450009,KOSDAQ,A115450
지티지웰니스,KR7219750007,KOSDAQ,A219750
진도,KR7088790001,KOSPI,A088790
진로발효,KR7018120006,KOSDAQ,A018120
진매트릭스,KR7109820001,KOSDAQ,A109820
진바이오텍,KR7086060001,KOSDAQ,A086060
진성티이씨,KR7036890002,KOSDAQ,A036890
진양산업,KR7003780004,KOSPI,A003780
진양제약,KR7007370000,KOSDAQ,A007370
진양폴리,KR7010640001,KOSPI,A010640
진양홀딩스,KR7100250000,KOSPI,A100250
진양화학,KR7051630002,KOSPI,A051630
진에어,KR7272450008,KOSPI,A272450
진원생명과학,KR7011000007,KOSPI,A011000
진흥기업,KR7002780005,KOSPI,A002780
진흥기업2우B,KR7002782001,KOSPI,A002787
진흥기업우B,KR7002781003,KOSPI,A002785
질경이,KR7233990001,KONEX,A233990
차바이오텍,KR7085660009,KOSDAQ,A085660
차이나그레이트,KYG210AT1036,KOSDAQ,A900040
참엔지니어링,KR7009310004,KOSPI,A009310
참좋은여행,KR7094850005,KOSDAQ,A094850
창해에탄올,KR7004650008,KOSDAQ,A004650
천보,KR7278280003,KOSDAQ,A278280
천일고속,KR7000650002,KOSPI,A000650
청광종건,KR7140290008,KONEX,A140290
청담러닝,KR7096240007,KOSDAQ,A096240
청보산업,KR7013720008,KOSDAQ,A013720
청호컴넷,KR7012600003,KOSPI,A012600
체리부로,KR7066360009,KOSDAQ,A066360
체시스,KR7033250002,KOSPI,A033250
초록뱀,KR7047820006,KOSDAQ,A047820
칩스앤미디어,KR7094360005,KOSDAQ,A094360
카스,KR7016920001,KOSDAQ,A016920
카이노스메드,KR7220250005,KONEX,A220250
카카오,KR7035720002,KOSPI,A035720
카페24,KR7042000000,KOSDAQ,A042000
카프로,KR7006380000,KOSPI,A006380
칸서스노을연료전지,KR573801A727,KOSPI,F73801A72
캐스텍코리아,KR7071850002,KOSDAQ,A071850
캔서롭,KR7180400004,KOSDAQ,A180400
캠시스,KR7050110006,KOSDAQ,A050110
컨버즈,KR7109070003,KOSPI,A109070
컬러레이,HK0000341732,KOSDAQ,A900310
컴투스,KR7078340007,KOSDAQ,A078340
컴퍼니케이,KR7307930008,KOSDAQ,A307930
케미메디,KR7205290000,KONEX,A205290
케어랩스,KR7263700007,KOSDAQ,A263700
케어젠,KR7214370009,KOSDAQ,A214370
케이디켐,KR7221980006,KOSDAQ,A221980
케이맥,KR7043290006,KOSDAQ,A043290
케이비17호스팩,KR7317030005,KOSDAQ,A317030
케이비아이동국실업,KR7001620004,KOSPI,A001620
케이비제10호스팩,KR7250930005,KOSDAQ,A250930
케이비제11호스팩,KR7258790005,KOSDAQ,A258790
케이비제18호스팩,KR7323940007,KOSDAQ,A323940
케이사인,KR7192250009,KOSDAQ,A192250
케이씨,KR7029460003,KOSPI,A029460
케이씨에스,KR7115500001,KOSDAQ,A115500
케이씨텍,KR7281820001,KOSPI,A281820
케이씨티,KR7089150007,KOSDAQ,A089150
케이씨피드,KR7025880006,KOSDAQ,A025880
케이아이엔엑스,KR7093320000,KOSDAQ,A093320
케이에스피,KR7073010001,KOSDAQ,A073010
케이엔더블유,KR7105330005,KOSDAQ,A105330
케이엘넷,KR7039420005,KOSDAQ,A039420
케이엠,KR7083550004,KOSDAQ,A083550
케이엠더블유,KR7032500001,KOSDAQ,A032500
케이엠제약,KR7225430008,KOSDAQ,A225430
케이탑리츠,KR7145270005,KOSPI,A145270
케이프,KR7064820004,KOSDAQ,A064820
케이피에스,KR7256940008,KOSDAQ,A256940
케이피에프,KR7024880007,KOSDAQ,A024880
케이피엠테크,KR7042040006,KOSDAQ,A042040
케이피티유,KR7054410006,KOSDAQ,A054410
켐온,KR7217600006,KOSDAQ,A217600
켐트로닉스,KR7089010003,KOSDAQ,A089010
켐트로스,KR7220260004,KOSDAQ,A220260
코나아이,KR7052400009,KOSDAQ,A052400
코너스톤네트웍스,KR7033110008,KOSDAQ,A033110
코닉글로리,KR7094860004,KOSDAQ,A094860
코다코,KR7046070009,KOSDAQ,A046070
코데즈컴바인,KR7047770003,KOSDAQ,A047770
코드네이처,KR7078940004,KOSDAQ,A078940
코디,KR7080530009,KOSDAQ,A080530
코디엠,KR7224060004,KOSDAQ,A224060
코렌,KR7078650009,KOSDAQ,A078650
코렌텍,KR7104540000,KOSDAQ,A104540
코리아나,KR7027050004,KOSDAQ,A027050
코리아써우,KR7007811003,KOSPI,A007815
코리아써키트,KR7007810005,KOSPI,A007810
코리아써키트2우B,KR700781K015,KOSPI,A00781K
코리아에스이,KR7101670008,KOSDAQ,A101670
코리아에프티,KR7123410003,KOSDAQ,A123410
코리아오토글라스,KR7152330007,KOSPI,A152330
코리안리,KR7003690005,KOSPI,A003690
코맥스,KR7036690006,KOSDAQ,A036690
코메론,KR7049430002,KOSDAQ,A049430
코미코,KR7183300003,KOSDAQ,A183300
코미팜,KR7041960006,KOSDAQ,A041960
코세스,KR7089890008,KOSDAQ,A089890
코센,KR7009730003,KOSDAQ,A009730
코셋,KR7189350002,KONEX,A189350
코스맥스,KR7192820009,KOSPI,A192820
코스맥스비티아이,KR7044820009,KOSPI,A044820
코스맥스엔비티,KR7222040008,KOSDAQ,A222040
코스메카코리아,KR7241710003,KOSDAQ,A241710
코스모신소재,KR7005070008,KOSPI,A005070
코스모화학,KR7005420005,KOSPI,A005420
코스온,KR7069110005,KOSDAQ,A069110
코아스,KR7071950000,KOSPI,A071950
코아스템,KR7166480004,KOSDAQ,A166480
코아시아,KR7045970001,KOSDAQ,A045970
코엔텍,KR7029960002,KOSDAQ,A029960
코오롱,KR7002020006,KOSPI,A002020
코오롱글로벌,KR7003070000,KOSPI,A003070
코오롱글로벌우,KR7003071008,KOSPI,A003075
코오롱머티리얼,KR7144620002,KOSPI,A144620
코오롱생명과학,KR7102940004,KOSDAQ,A102940
코오롱우,KR7002021004,KOSPI,A002025
코오롱인더,KR7120110002,KOSPI,A120110
코오롱인더우,KR7120111000,KOSPI,A120115
코오롱티슈진,KR8840120008,KOSDAQ,A950160
코오롱플라스틱,KR7138490008,KOSPI,A138490
코웰패션,KR7033290008,KOSDAQ,A033290
코위버,KR7056360001,KOSDAQ,A056360
코이즈,KR7121850002,KOSDAQ,A121850
코콤,KR7015710007,KOSDAQ,A015710
코텍,KR7052330008,KOSDAQ,A052330
코프라,KR7126600006,KOSDAQ,A126600
콜마비앤에이치,KR7200130003,KOSDAQ,A200130
콤텍시스템,KR7031820004,KOSPI,A031820
쿠첸,KR7225650001,KOSDAQ,A225650
쿠쿠홀딩스,KR7192400000,KOSPI,A192400
쿠쿠홈시스,KR7284740008,KOSPI,A284740
큐렉소,KR7060280005,KOSDAQ,A060280
큐로,KR7015590003,KOSPI,A015590
큐로컴,KR7040350001,KOSDAQ,A040350
큐로홀딩스,KR7051780005,KOSDAQ,A051780
큐리언트,KR7115180002,KOSDAQ,A115180
큐브엔터,KR7182360008,KOSDAQ,A182360
큐에스아이,KR7066310004,KOSDAQ,A066310
큐엠씨,KR7136660008,KONEX,A136660
큐캐피탈,KR7016600009,KOSDAQ,A016600
크라운제과,KR7264900002,KOSPI,A264900
크라운제과우,KR726490K013,KOSPI,A26490K
크라운해태홀딩스,KR7005740006,KOSPI,A005740
크라운해태홀딩스우,KR7005741004,KOSPI,A005745
크로넥스,KR7215570003,KONEX,A215570
크로바하이텍,KR7043590009,KOSDAQ,A043590
크루셜텍,KR7114120009,KOSDAQ,A114120
크리스에프앤씨,KR7110790003,KOSDAQ,A110790
크리스탈,KR7083790006,KOSDAQ,A083790
크리스탈신소재,KYG2115T1076,KOSDAQ,A900250
크린앤사이언스,KR7045520004,KOSDAQ,A045520
클래시스,KR7214150005,KOSDAQ,A214150
클리오,KR7237880000,KOSDAQ,A237880
키네마스터,KR7139670004,KOSDAQ,A139670
키다리스튜디오,KR7020120002,KOSPI,A020120
키움제5호스팩,KR7311270003,KOSDAQ,A311270
키움증권,KR7039490008,KOSPI,A039490
키위미디어그룹,KR7012170007,KOSPI,A012170
키이스트,KR7054780002,KOSDAQ,A054780
타이거일렉,KR7219130002,KOSDAQ,A219130
탑선,KR7180060006,KONEX,A180060
탑엔지니어링,KR7065130007,KOSDAQ,A065130
태경산업,KR7015890007,KOSPI,A015890
태경화학,KR7006890008,KOSPI,A006890
태광,KR7023160005,KOSDAQ,A023160
태광산업,KR7003240009,KOSPI,A003240
태림포장,KR7011280005,KOSPI,A011280
태양,KR7053620001,KOSDAQ,A053620
태양금속,KR7004100004,KOSPI,A004100
태양금속우,KR7004101002,KOSPI,A004105
태양기계,KR7116100009,KONEX,A116100
태영건설,KR7009410002,KOSPI,A009410
태영건설우,KR7009411000,KOSPI,A009415
태웅,KR7044490001,KOSDAQ,A044490
태원물산,KR7001420009,KOSPI,A001420
태평양물산,KR7007980006,KOSPI,A007980
테고사이언스,KR7191420009,KOSDAQ,A191420
테라셈,KR7182690008,KOSDAQ,A182690
테라젠이텍스,KR7066700006,KOSDAQ,A066700
테스,KR7095610002,KOSDAQ,A095610
테스나,KR7131970006,KOSDAQ,A131970
테이팩스,KR7055490007,KOSPI,A055490
테크엔,KR7308700004,KONEX,A308700
테크윙,KR7089030001,KOSDAQ,A089030
테크트랜스,KR7258050004,KONEX,A258050
텔레칩스,KR7054450002,KOSDAQ,A054450
텔레필드,KR7091440008,KOSDAQ,A091440
텔코웨어,KR7078000007,KOSPI,A078000
텔콘RF제약,KR7200230001,KOSDAQ,A200230
토니모리,KR7214420002,KOSPI,A214420
토박스코리아,KR7215480005,KOSDAQ,A215480
토비스,KR7051360006,KOSDAQ,A051360
토탈소프트,KR7045340007,KOSDAQ,A045340
톱텍,KR7108230004,KOSDAQ,A108230
투비소프트,KR7079970000,KOSDAQ,A079970
툴젠,KR7199800004,KONEX,A199800
트루윈,KR7105550008,KOSDAQ,A105550
특수건설,KR7026150003,KOSDAQ,A026150
티로보틱스,KR7117730002,KOSDAQ,A117730
티비씨,KR7033830001,KOSDAQ,A033830
티씨엠생명과학,KR7228180006,KONEX,A228180
티씨케이,KR7064760002,KOSDAQ,A064760
티앤알바이오팹,KR7246710008,KOSDAQ,A246710
티에스아이,KR7277880001,KONEX,A277880
티에스이,KR7131290009,KOSDAQ,A131290
티에이치엔,KR7019180009,KOSPI,A019180
티엘아이,KR7062860002,KOSDAQ,A062860
티웨이항공,KR7091810002,KOSPI,A091810
티웨이홀딩스,KR7004870002,KOSPI,A004870
티케이씨,KR7191600006,KONEX,A191600
티케이케미칼,KR7104480009,KOSDAQ,A104480
티티씨디펜스,KR7309900009,KONEX,A309900
티플랙스,KR7081150005,KOSDAQ,A081150
티피씨글로벌,KR7130740004,KOSDAQ,A130740
틸론,KR7217880004,KONEX,A217880
팅크웨어,KR7084730001,KOSDAQ,A084730
파나진,KR7046210001,KOSDAQ,A046210
파라다이스,KR7034230003,KOSDAQ,A034230
파라텍,KR7033540006,KOSDAQ,A033540
파루,KR7043200005,KOSDAQ,A043200
파마리서치바이오,KR7217950005,KONEX,A217950
파마리서치프로덕트,KR7214450009,KOSDAQ,A214450
파멥신,KR7208340000,KOSDAQ,A208340
파미셀,KR7005690003,KOSPI,A005690
파버나인,KR7177830007,KOSDAQ,A177830
파세코,KR7037070000,KOSDAQ,A037070
파수닷컴,KR7150900009,KOSDAQ,A150900
파워넷,KR7037030004,KOSDAQ,A037030
파워로직스,KR7047310008,KOSDAQ,A047310
파워풀엑스,KR7266870005,KONEX,A266870
파이오링크,KR7170790000,KOSDAQ,A170790
파인넥스,KR7123260002,KOSDAQ,A123260
파인디앤씨,KR7049120009,KOSDAQ,A049120
파인디지털,KR7038950002,KOSDAQ,A038950
파인이엠텍,KR7278990007,KONEX,A278990
파인테크닉스,KR7106240005,KOSDAQ,A106240
파인텍,KR7131760001,KOSDAQ,A131760
파커스,KR7065690000,KOSDAQ,A065690
파크시스템스,KR7140860008,KOSDAQ,A140860
파트론,KR7091700005,KOSDAQ,A091700
파티게임즈,KR7194510004,KOSDAQ,A194510
팍스넷,KR7038160008,KOSDAQ,A038160
판도라티비,KR7202960001,KONEX,A202960
판타지오,KR7032800005,KOSDAQ,A032800
팜스웰바이오,KR7043090000,KOSDAQ,A043090
팜스코,KR7036580009,KOSPI,A036580
팜스토리,KR7027710003,KOSDAQ,A027710
패션플랫폼,KR7225590009,KOSDAQ,A225590
팬스타엔터프라이즈,KR7054300009,KOSDAQ,A054300
팬엔터테인먼트,KR7068050004,KOSDAQ,A068050
팬오션,KR7028670008,KOSPI,A028670
팬젠,KR7222110009,KOSDAQ,A222110
퍼스텍,KR7010820009,KOSPI,A010820
퍼시스,KR7016800005,KOSPI,A016800
퍼시픽바이오,KR7060900008,KOSDAQ,A060900
펄어비스,KR7263750002,KOSDAQ,A263750
펌텍코리아,KR7251970000,KOSDAQ,A251970
페이퍼코리아,KR7001020007,KOSPI,A001020
펩트론,KR7087010005,KOSDAQ,A087010
평화산업,KR7090080003,KOSPI,A090080
평화정공,KR7043370006,KOSDAQ,A043370
평화홀딩스,KR7010770006,KOSPI,A010770
포레스팅블록체인,KR7227420007,KONEX,A227420
포메탈,KR7119500007,KOSDAQ,A119500
포비스티앤씨,KR7016670002,KOSDAQ,A016670
포스링크,KR7056730005,KOSDAQ,A056730
포스코 ICT,KR7022100002,KOSDAQ,A022100
포스코강판,KR7058430000,KOSPI,A058430
포스코엠텍,KR7009520008,KOSDAQ,A009520
포스코인터내셔널,KR7047050000,KOSPI,A047050
포스코케미칼,KR7003670007,KOSPI,A003670
포시에스,KR7189690001,KOSDAQ,A189690
포인트엔지니어링,KR7176560001,KONEX,A176560
포티스,KR7141020008,KOSDAQ,A141020
폴루스바이오팜,KR7007630007,KOSPI,A007630
푸드나무,KR7290720002,KOSDAQ,A290720
푸드웰,KR7005670005,KOSDAQ,A005670
푸른기술,KR7094940004,KOSDAQ,A094940
푸른저축은행,KR7007330004,KOSDAQ,A007330
풀무원,KR7017810003,KOSPI,A017810
풍강,KR7093380004,KOSDAQ,A093380
풍국주정,KR7023900004,KOSDAQ,A023900
풍산,KR7103140000,KOSPI,A103140
풍산홀딩스,KR7005810007,KOSPI,A005810
퓨전데이타,KR7195440003,KOSDAQ,A195440
퓨쳐스트림네트웍스,KR7214270001,KOSDAQ,A214270
퓨쳐켐,KR7220100002,KOSDAQ,A220100
프럼파스트,KR7035200005,KOSDAQ,A035200
프로스테믹스,KR7203690003,KOSDAQ,A203690
프로테옴텍,KR7303360002,KONEX,A303360
프로텍,KR7053610002,KOSDAQ,A053610
프리엠스,KR7053160008,KOSDAQ,A053160
플랜티넷,KR7075130005,KOSDAQ,A075130
플럼라인생명과학,KR7222670002,KONEX,A222670
플레이위드,KR7023770001,KOSDAQ,A023770
피노텍,KR7150440006,KONEX,A150440
피델릭스,KR7032580003,KOSDAQ,A032580
피씨디렉트,KR7051380004,KOSDAQ,A051380
피씨엘,KR7241820000,KOSDAQ,A241820
피앤씨테크,KR7237750005,KOSDAQ,A237750
피앤이솔루션,KR7131390007,KOSDAQ,A131390
피앤텔,KR7054340005,KOSDAQ,A054340
피에스엠씨,KR7024850000,KOSDAQ,A024850
피에스케이,KR7319660007,KOSDAQ,A319660
피에스케이홀딩스,KR7031980006,KOSDAQ,A031980
피에스텍,KR7002230001,KOSDAQ,A002230
피엔아이컴퍼니,KR7242350007,KONEX,A242350
피엔에이치테크,KR7239890007,KONEX,A239890
피엔티,KR7137400008,KOSDAQ,A137400
피제이메탈,KR7128660008,KOSDAQ,A128660
피제이전자,KR7006140008,KOSDAQ,A006140
픽셀플러스,KR7087600003,KOSDAQ,A087600
필로시스헬스케어,KR7057880007,KOSDAQ,A057880
필룩스,KR7033180001,KOSPI,A033180
필링크,KR7064800006,KOSDAQ,A064800
필옵틱스,KR7161580006,KOSDAQ,A161580
하나금융10호스팩,KR7270520000,KOSDAQ,A270520
하나금융11호스팩,KR7284620002,KOSDAQ,A284620
하나금융9호스팩,KR7261200000,KOSDAQ,A261200
하나금융지주,KR7086790003,KOSPI,A086790
하나니켈1호,KR7099340002,KOSPI,A099340
하나니켈2호,KR7099350001,KOSPI,A099350
하나대체나사부동산1호,KR5742017738,KOSPI,F74201773
하나대체미국LA부동산1호 A,KR57420177B6,KOSPI,F7420177B
하나대체미국LA부동산1호 F,KR57420277B4,KOSPI,F7420277B
하나대체철원태양광특별자산1호,KR574201B917,KOSPI,F74201B91
하나대체티마크그랜드부동산1호 A,KR5742017670,KOSPI,F74201767
하나대체티마크그랜드부동산1호 F,KR5742027679,KOSPI,F74202767
하나마이크론,KR7067310003,KOSDAQ,A067310
하나머스트제6호스팩,KR7307160002,KOSDAQ,A307160
하나머티리얼즈,KR7166090001,KOSDAQ,A166090
하나제약,KR7293480000,KOSPI,A293480
하나투어,KR7039130000,KOSPI,A039130
하림,KR7136480001,KOSDAQ,A136480
하림지주,KR7003380003,KOSDAQ,A003380
하이골드12호,KR7172580003,KOSPI,A172580
하이골드3호,KR7153360003,KOSPI,A153360
하이골드8호,KR7159650001,KOSPI,A159650
하이로닉,KR7149980005,KOSDAQ,A149980
하이록코리아,KR7013030002,KOSDAQ,A013030
하이비젼시스템,KR7126700004,KOSDAQ,A126700
하이셈,KR7200470003,KOSDAQ,A200470
하이스틸,KR7071090005,KOSPI,A071090
하이제4호스팩,KR7317240000,KOSDAQ,A317240
하이즈항공,KR7221840002,KOSDAQ,A221840
하이텍팜,KR7106190002,KOSDAQ,A106190
하이트론,KR7019490002,KOSPI,A019490
하이트진로,KR7000080002,KOSPI,A000080
하이트진로2우B,KR7000082008,KOSPI,A000087
하이트진로홀딩스,KR7000140004,KOSPI,A000140
하이트진로홀딩스우,KR7000141002,KOSPI,A000145
하츠,KR7066130006,KOSDAQ,A066130
한국ANKOR유전,KR7152550000,KOSPI,A152550
한국가구,KR7004590006,KOSDAQ,A004590
한국가스공사,KR7036460004,KOSPI,A036460
한국경제TV,KR7039340005,KOSDAQ,A039340
한국공항,KR7005430004,KOSPI,A005430
한국금융지주,KR7071050009,KOSPI,A071050
한국금융지주우,KR7071051007,KOSPI,A071055
한국기업평가,KR7034950006,KOSDAQ,A034950
한국내화,KR7010040004,KOSPI,A010040
한국단자,KR7025540006,KOSPI,A025540
한국맥널티,KR7222980005,KOSDAQ,A222980
한국비엔씨,KR7226610004,KONEX,A226610
한국석유,KR7004090007,KOSPI,A004090
한국선재,KR7025550005,KOSDAQ,A025550
한국쉘석유,KR7002960003,KOSPI,A002960
한국아트라스비엑스,KR7023890007,KOSDAQ,A023890
한국알콜,KR7017890005,KOSDAQ,A017890
한국유니온제약,KR7080720006,KOSDAQ,A080720
한국자산신탁,KR7123890006,KOSPI,A123890
한국전력,KR7015760002,KOSPI,A015760
한국전자금융,KR7063570006,KOSDAQ,A063570
한국전자인증,KR7041460007,KOSDAQ,A041460
한국전자홀딩스,KR7006200000,KOSPI,A006200
한국정밀기계,KR7101680007,KOSDAQ,A101680
한국정보공학,KR7039740006,KOSDAQ,A039740
한국정보인증,KR7053300000,KOSDAQ,A053300
한국정보통신,KR7025770009,KOSDAQ,A025770
한국제5호스팩,KR7271740003,KOSDAQ,A271740
한국제6호스팩,KR7281410001,KOSDAQ,A281410
한국제7호스팩,KR7291210003,KOSDAQ,A291210
한국제8호스팩,KR7310870001,KOSDAQ,A310870
한국제지,KR7002300002,KOSPI,A002300
한국조선해양,KR7009540006,KOSPI,A009540
한국종합기술,KR7023350002,KOSPI,A023350
한국주강,KR7025890005,KOSPI,A025890
한국주철관,KR7000970004,KOSPI,A000970
한국철강,KR7104700000,KOSPI,A104700
한국카본,KR7017960006,KOSPI,A017960
한국캐피탈,KR7023760002,KOSDAQ,A023760
한국컴퓨터,KR7054040001,KOSDAQ,A054040
한국코퍼레이션,KR7050540004,KOSDAQ,A050540
한국콜마,KR7161890009,KOSPI,A161890
한국콜마홀딩스,KR7024720005,KOSPI,A024720
한국큐빅,KR7021650007,KOSDAQ,A021650
한국타이어앤테크놀로지,KR7161390000,KOSPI,A161390
한국테크놀로지,KR7053590006,KOSDAQ,A053590
한국테크놀로지그룹,KR7000240002,KOSPI,A000240
한국토지신탁,KR7034830000,KOSPI,A034830
한국특수형강,KR7007280001,KOSPI,A007280
한국패러랠,KR7168490001,KOSPI,A168490
한국팩키지,KR7037230000,KOSDAQ,A037230
한국프랜지,KR7010100006,KOSPI,A010100
한국항공우주,KR7047810007,KOSPI,A047810
한국화장품,KR7123690000,KOSPI,A123690
한국화장품제조,KR7003350006,KOSPI,A003350
한글과컴퓨터,KR7030520001,KOSDAQ,A030520
한네트,KR7052600004,KOSDAQ,A052600
한농화성,KR7011500006,KOSPI,A011500
한독,KR7002390003,KOSPI,A002390
한라,KR7014790000,KOSPI,A014790
한라IMS,KR7092460005,KOSDAQ,A092460
한라홀딩스,KR7060980000,KOSPI,A060980
한류AI센터,KR7222810004,KOSDAQ,A222810
한류타임즈,KR7039670005,KOSDAQ,A039670
한미글로벌,KR7053690004,KOSPI,A053690
한미반도체,KR7042700005,KOSPI,A042700
한미사이언스,KR7008930000,KOSPI,A008930
한미약품,KR7128940004,KOSPI,A128940
한빛소프트,KR7047080007,KOSDAQ,A047080
한샘,KR7009240003,KOSPI,A009240
한섬,KR7020000006,KOSPI,A020000
한성기업,KR7003680006,KOSPI,A003680
한세실업,KR7105630008,KOSPI,A105630
한세엠케이,KR7069640001,KOSPI,A069640
한세예스24홀딩스,KR7016450009,KOSPI,A016450
한솔PNS,KR7010420008,KOSPI,A010420
한솔로지스틱스,KR7009180001,KOSPI,A009180
한솔시큐어,KR7070300009,KOSDAQ,A070300
한솔씨앤피,KR7221610009,KOSDAQ,A221610
한솔인티큐브,KR7070590005,KOSDAQ,A070590
한솔제지,KR7213500002,KOSPI,A213500
한솔케미칼,KR7014680003,KOSPI,A014680
한솔테크닉스,KR7004710000,KOSPI,A004710
한솔홀딩스,KR7004150009,KOSPI,A004150
한솔홈데코,KR7025750001,KOSPI,A025750
한송네오텍,KR7226440006,KOSDAQ,A226440
한스바이오메드,KR7042520007,KOSDAQ,A042520
한신공영,KR7004960001,KOSPI,A004960
한신기계,KR7011700002,KOSPI,A011700
한양디지텍,KR7078350006,KOSDAQ,A078350
한양이엔지,KR7045100005,KOSDAQ,A045100
한양증권,KR7001750009,KOSPI,A001750
한양증권우,KR7001751007,KOSPI,A001755
한온시스템,KR7018880005,KOSPI,A018880
한올바이오파마,KR7009420001,KOSPI,A009420
한익스프레스,KR7014130009,KOSPI,A014130
한일네트웍스,KR7046110003,KOSDAQ,A046110
한일단조,KR7024740003,KOSDAQ,A024740
한일사료,KR7005860002,KOSDAQ,A005860
한일시멘트,KR7300720000,KOSPI,A300720
한일진공,KR7123840001,KOSDAQ,A123840
한일철강,KR7002220002,KOSPI,A002220
한일현대시멘트,KR7006390009,KOSPI,A006390
한일홀딩스,KR7003300001,KOSPI,A003300
한일화학,KR7007770001,KOSDAQ,A007770
한전KPS,KR7051600005,KOSPI,A051600
한전기술,KR7052690005,KOSPI,A052690
한전산업,KR7130660004,KOSPI,A130660
한중엔시에스,KR7107640005,KONEX,A107640
한진,KR7002320000,KOSPI,A002320
한진중공업,KR7097230007,KOSPI,A097230
한진중공업홀딩스,KR7003480001,KOSPI,A003480
한진칼,KR7180640005,KOSPI,A180640
한진칼우,KR718064K016,KOSPI,A18064K
한창,KR7005110002,KOSPI,A005110
한창산업,KR7079170007,KOSDAQ,A079170
한창제지,KR7009460007,KOSPI,A009460
한컴MDS,KR7086960002,KOSDAQ,A086960
한컴시큐어,KR7054920004,KOSDAQ,A054920
한컴지엠디,KR7077280006,KOSDAQ,A077280
한탑,KR7002680007,KOSDAQ,A002680
한프,KR7066110008,KOSDAQ,A066110
한화,KR7000880005,KOSPI,A000880
한화3우B,KR700088K015,KOSPI,A00088K
한화갤러리아타임월드,KR7027390004,KOSPI,A027390
한화생명,KR7088350004,KOSPI,A088350
한화손해보험,KR7000370007,KOSPI,A000370
한화수성스팩,KR7265920009,KOSDAQ,A265920
한화에스비아이스팩,KR7317320000,KOSDAQ,A317320
한화에어로스페이스,KR7012450003,KOSPI,A012450
한화에이스스팩3호,KR7264290008,KOSDAQ,A264290
한화에이스스팩4호,KR7279410005,KOSDAQ,A279410
한화우,KR7000881003,KOSPI,A000885
한화케미칼,KR7009830001,KOSPI,A009830
한화케미칼우,KR7009831009,KOSPI,A009835
한화투자증권,KR7003530003,KOSPI,A003530
한화투자증권우,KR7003531001,KOSPI,A003535
해덕파워웨이,KR7102210002,KOSDAQ,A102210
해마로푸드서비스,KR7220630008,KOSDAQ,A220630
해성디에스,KR7195870001,KOSPI,A195870
해성산업,KR7034810002,KOSDAQ,A034810
해성옵틱스,KR7076610005,KOSDAQ,A076610
해태제과식품,KR7101530004,KOSPI,A101530
핸디소프트,KR7220180004,KOSDAQ,A220180
핸즈코퍼레이션,KR7143210003,KOSPI,A143210
헝셩그룹,HK0000214814,KOSDAQ,A900270
헬릭스미스,KR7084990001,KOSDAQ,A084990
현대건설,KR7000720003,KOSPI,A000720
현대건설기계,KR7267270007,KOSPI,A267270
현대건설우,KR7000721001,KOSPI,A000725
현대공업,KR7170030001,KOSDAQ,A170030
현대그린푸드,KR7005440003,KOSPI,A005440
현대글로비스,KR7086280005,KOSPI,A086280
현대로템,KR7064350002,KOSPI,A064350
현대리바트,KR7079430005,KOSPI,A079430
현대모비스,KR7012330007,KOSPI,A012330
현대미포조선,KR7010620003,KOSPI,A010620
현대바이오,KR7048410005,KOSDAQ,A048410
현대백화점,KR7069960003,KOSPI,A069960
현대비앤지스틸,KR7004560009,KOSPI,A004560
현대비앤지스틸우,KR7004561007,KOSPI,A004565
현대사료,KR7016790008,KOSDAQ,A016790
현대상사,KR7011760006,KOSPI,A011760
현대상선,KR7011200003,KOSPI,A011200
현대약품,KR7004310009,KOSPI,A004310
현대에이치씨엔,KR7126560002,KOSPI,A126560
현대엘리베이,KR7017800004,KOSPI,A017800
현대오토에버,KR7307950006,KOSPI,A307950
현대위아,KR7011210002,KOSPI,A011210
현대유퍼스트부동산25호 A,KR575701B931,KOSPI,F75701B93
현대유퍼스트부동산25호 C-i,KR575702B939,KOSPI,F75702B93
현대일렉트릭,KR7267260008,KOSPI,A267260
현대정보기술,KR7026180000,KOSDAQ,A026180
현대제철,KR7004020004,KOSPI,A004020
현대중공업지주,KR7267250009,KOSPI,A267250
현대차,KR7005380001,KOSPI,A005380
현대차2우B,KR7005382007,KOSPI,A005387
현대차3우B,KR7005383005,KOSPI,A005389
현대차우,KR7005381009,KOSPI,A005385
현대차증권,KR7001500008,KOSPI,A001500
현대코퍼레이션홀딩스,KR7227840006,KOSPI,A227840
현대통신,KR7039010004,KOSDAQ,A039010
현대해상,KR7001450006,KOSPI,A001450
현대홈쇼핑,KR7057050007,KOSPI,A057050
현성바이탈,KR7204990006,KOSDAQ,A204990
현우산업,KR7092300003,KOSDAQ,A092300
현진소재,KR7053660007,KOSDAQ,A053660
형지I&C,KR7011080009,KOSDAQ,A011080
형지엘리트,KR7093240000,KOSPI,A093240
혜인,KR7003010006,KOSPI,A003010
호전실업,KR7111110003,KOSPI,A111110
호텔신라,KR7008770000,KOSPI,A008770
호텔신라우,KR7008771008,KOSPI,A008775
홈센타홀딩스,KR7060560000,KOSDAQ,A060560
홈캐스트,KR7064240005,KOSDAQ,A064240
화성밸브,KR7039610001,KOSDAQ,A039610
화성산업,KR7002460004,KOSPI,A002460
화승알앤에이,KR7013520002,KOSPI,A013520
화승엔터프라이즈,KR7241590009,KOSPI,A241590
화승인더,KR7006060008,KOSPI,A006060
화신,KR7010690006,KOSPI,A010690
화신정공,KR7126640002,KOSDAQ,A126640
화신테크,KR7086250008,KOSDAQ,A086250
화이브라더스코리아,KR7204630008,KOSDAQ,A204630
화인베스틸,KR7133820001,KOSPI,A133820
화일약품,KR7061250007,KOSDAQ,A061250
화진,KR7134780006,KOSDAQ,A134780
화천기계,KR7010660009,KOSPI,A010660
화천기공,KR7000850008,KOSPI,A000850
환인제약,KR7016580003,KOSPI,A016580
황금에스티,KR7032560005,KOSPI,A032560
효성,KR7004800009,KOSPI,A004800
효성ITX,KR7094280005,KOSPI,A094280
효성오앤비,KR7097870000,KOSDAQ,A097870
효성중공업,KR7298040007,KOSPI,A298040
효성첨단소재,KR7298050006,KOSPI,A298050
효성티앤씨,KR7298020009,KOSPI,A298020
효성화학,KR7298000001,KOSPI,A298000
후성,KR7093370005,KOSPI,A093370
휘닉스소재,KR7050090000,KOSDAQ,A050090
휠라코리아,KR7081660003,KOSPI,A081660
휴네시온,KR7290270008,KOSDAQ,A290270
휴니드,KR7005870001,KOSPI,A005870
휴럼,KR7284420007,KONEX,A284420
휴림로봇,KR7090710005,KOSDAQ,A090710
휴마시스,KR7205470008,KOSDAQ,A205470
휴맥스,KR7115160004,KOSDAQ,A115160
휴맥스홀딩스,KR7028080000,KOSDAQ,A028080
휴메딕스,KR7200670008,KOSDAQ,A200670
휴벡셀,KR7212310007,KONEX,A212310
휴비스,KR7079980009,KOSPI,A079980
휴비츠,KR7065510000,KOSDAQ,A065510
휴스틸,KR7005010004,KOSPI,A005010
휴온스,KR7243070000,KOSDAQ,A243070
휴온스글로벌,KR7084110006,KOSDAQ,A084110
휴젤,KR7145020004,KOSDAQ,A145020
휴켐스,KR7069260008,KOSPI,A069260
흥구석유,KR7024060006,KOSDAQ,A024060
흥국,KR7010240000,KOSDAQ,A010240
흥국에프엔비,KR7189980006,KOSDAQ,A189980
흥국화재,KR7000540005,KOSPI,A000540
흥국화재2우B,KR7000542001,KOSPI,A000547
흥국화재우,KR7000541003,KOSPI,A000545
흥아해운,KR7003280005,KOSPI,A003280
희림,KR7037440005,KOSDAQ,A037440
힘스,KR7238490007,KOSDAQ,A238490
3S,KR7060310000,KOSDAQ,A060310
AJ네트웍스,KR7095570008,KOSPI,A095570
AJ렌터카,KR7068400001,KOSPI,A068400
AK홀딩스,KR7006840003,KOSPI,A006840
APS홀딩스,KR7054620000,KOSDAQ,A054620
AP시스템,KR7265520007,KOSDAQ,A265520
AP위성,KR7211270004,KOSDAQ,A211270
BGF,KR7027410000,KOSPI,A027410
BGF리테일,KR7282330000,KOSPI,A282330
BNK금융지주,KR7138930003,KOSPI,A138930
BYC,KR7001460005,KOSPI,A001460
BYC우,KR7001461003,KOSPI,A001465
CJ,KR7001040005,KOSPI,A001040
CJ CGV,KR7079160008,KOSPI,A079160
CJ ENM,KR7035760008,KOSDAQ,A035760
CJ대한통운,KR7000120006,KOSPI,A000120
CJ씨푸드,KR7011150000,KOSPI,A011150
CJ씨푸드1우,KR7011151008,KOSPI,A011155
CJ우,KR7001041003,KOSPI,A001045
CJ제일제당,KR7097950000,KOSPI,A097950
CJ제일제당 우,KR7097951008,KOSPI,A097955
CJ프레시웨이,KR7051500007,KOSDAQ,A051500
CJ헬로,KR7037560000,KOSPI,A037560
CMG제약,KR7058820002,KOSDAQ,A058820
CNH,KR7023460009,KOSDAQ,A023460
CS,KR7065770000,KOSDAQ,A065770
CSA 코스믹,KR7083660001,KOSDAQ,A083660
CS홀딩스,KR7000590000,KOSPI,A000590
DB,KR7012030003,KOSPI,A012030
DB금융스팩6호,KR7306620006,KOSDAQ,A306620
DB금융스팩7호,KR7322780008,KOSDAQ,A322780
DB금융투자,KR7016610008,KOSPI,A016610
DB손해보험,KR7005830005,KOSPI,A005830
DB하이텍,KR7000990002,KOSPI,A000990
DB하이텍1우,KR7000991000,KOSPI,A000995
DGB금융지주,KR7139130009,KOSPI,A139130
DI동일,KR7001530005,KOSPI,A001530
DMS,KR7068790005,KOSDAQ,A068790
DRB동일,KR7004840005,KOSPI,A004840
DSC인베스트먼트,KR7241520006,KOSDAQ,A241520
DSR,KR7155660004,KOSPI,A155660
DSR제강,KR7069730000,KOSPI,A069730
E1,KR7017940008,KOSPI,A017940
EDGC,KR7245620000,KOSDAQ,A245620
EG,KR7037370004,KOSDAQ,A037370
EMW,KR7079190005,KOSDAQ,A079190
F&F,KR7007700008,KOSPI,A007700
GH신소재,KR7130500002,KOSDAQ,A130500
GKL,KR7114090004,KOSPI,A114090
GMR 머티리얼즈,KR7032860009,KOSDAQ,A032860
GRT,HK0000307485,KOSDAQ,A900290
GS,KR7078930005,KOSPI,A078930
GST,KR7083450007,KOSDAQ,A083450
GS건설,KR7006360002,KOSPI,A006360
GS글로벌,KR7001250000,KOSPI,A001250
GS리테일,KR7007070006,KOSPI,A007070
GS우,KR7078931003,KOSPI,A078935
GS홈쇼핑,KR7028150001,KOSDAQ,A028150
GV,KR7045890001,KOSDAQ,A045890
HB테크놀러지,KR7078150000,KOSDAQ,A078150
HDC,KR7012630000,KOSPI,A012630
HDC아이콘트롤스,KR7039570007,KOSPI,A039570
HDC현대EP,KR7089470009,KOSPI,A089470
HDC현대산업개발,KR7294870001,KOSPI,A294870
HRS,KR7036640001,KOSDAQ,A036640
HSD엔진,KR7082740002,KOSPI,A082740
IBKS제10호스팩,KR7299170001,KOSDAQ,A299170
IBKS제5호스팩,KR7254120009,KOSDAQ,A254120
IBKS제6호스팩,KR7264850009,KOSDAQ,A264850
IBKS제7호스팩,KR7276920006,KOSDAQ,A276920
IBKS제9호스팩,KR7297570004,KOSDAQ,A297570
IHQ,KR7003560000,KOSPI,A003560
ISC,KR7095340006,KOSDAQ,A095340
ITX엠투엠,KR7099520009,KOSDAQ,A099520
JB금융지주,KR7175330000,KOSPI,A175330
JTC,KR8392080006,KOSDAQ,A950170
JW생명과학,KR7234080000,KOSPI,A234080
JW신약,KR7067290007,KOSDAQ,A067290
JW중외제약,KR7001060003,KOSPI,A001060
JW중외제약2우B,KR7001062009,KOSPI,A001067
JW중외제약우,KR7001061001,KOSPI,A001065
JW홀딩스,KR7096760004,KOSPI,A096760
JYP Ent.,KR7035900000,KOSDAQ,A035900
KBI메탈,KR7024840001,KOSDAQ,A024840
KB금융,KR7105560007,KOSPI,A105560
KB오토시스,KR7024120008,KOSDAQ,A024120
KB와이즈스타부동산1A,KR571901B923,KOSPI,F71901B92
KB와이즈스타부동산1C-F,KR571903B929,KOSPI,F71903B92
KB와이즈스타부동산1C-퇴직,KR571902B921,KOSPI,F71902B92
KCC,KR7002380004,KOSPI,A002380
KCC건설,KR7021320007,KOSDAQ,A021320
KCI,KR7036670008,KOSDAQ,A036670
KCTC,KR7009070004,KOSPI,A009070
KC그린홀딩스,KR7009440009,KOSPI,A009440
KC산업,KR7112190004,KONEX,A112190
KC코트렐,KR7119650000,KOSPI,A119650
KD건설,KR7044180008,KOSDAQ,A044180
KEC,KR7092220003,KOSPI,A092220
KG ETS,KR7151860004,KOSDAQ,A151860
KG모빌리언스,KR7046440004,KOSDAQ,A046440
KG이니시스,KR7035600006,KOSDAQ,A035600
KG케미칼,KR7001390004,KOSPI,A001390
KH바텍,KR7060720000,KOSDAQ,A060720
KISCO홀딩스,KR7001940006,KOSPI,A001940
KJ프리텍,KR7083470005,KOSDAQ,A083470
KMH,KR7122450000,KOSDAQ,A122450
KMH하이텍,KR7052900008,KOSDAQ,A052900
KNN,KR7058400003,KOSDAQ,A058400
KPX생명과학,KR7114450000,KOSDAQ,A114450
KPX케미칼,KR7025000001,KOSPI,A025000
KPX홀딩스,KR7092230002,KOSPI,A092230
KR모터스,KR7000040006,KOSPI,A000040
KSS해운,KR7044450005,KOSPI,A044450
KT,KR7030200000,KOSPI,A030200
KT&G,KR7033780008,KOSPI,A033780
KTB투자증권,KR7030210009,KOSPI,A030210
KTH,KR7036030005,KOSDAQ,A036030
KTcs,KR7058850009,KOSPI,A058850
KTis,KR7058860008,KOSPI,A058860
KT서브마린,KR7060370004,KOSDAQ,A060370
LF,KR7093050003,KOSPI,A093050
LG,KR7003550001,KOSPI,A003550
LG디스플레이,KR7034220004,KOSPI,A034220
LG상사,KR7001120005,KOSPI,A001120
LG생활건강,KR7051900009,KOSPI,A051900
LG생활건강우,KR7051901007,KOSPI,A051905
LG우,KR7003551009,KOSPI,A003555
LG유플러스,KR7032640005,KOSPI,A032640
LG이노텍,KR7011070000,KOSPI,A011070
LG전자,KR7066570003,KOSPI,A066570
LG전자우,KR7066571001,KOSPI,A066575
LG하우시스,KR7108670001,KOSPI,A108670
LG하우시스우,KR7108671009,KOSPI,A108675
LG화학,KR7051910008,KOSPI,A051910
LG화학우,KR7051911006,KOSPI,A051915
LIG넥스원,KR7079550000,KOSPI,A079550
LPK로보틱스,KR7183350008,KONEX,A183350
LS,KR7006260004,KOSPI,A006260
LS네트웍스,KR7000680009,KOSPI,A000680
LS산전,KR7010120004,KOSPI,A010120
LS전선아시아,KR7229640008,KOSPI,A229640
MH에탄올,KR7023150006,KOSPI,A023150
MP그룹,KR7065150005,KOSDAQ,A065150
MP한강,KR7219550001,KOSDAQ,A219550
NAVER,KR7035420009,KOSPI,A035420
NEW,KR7160550000,KOSDAQ,A160550
NE능률,KR7053290003,KOSDAQ,A053290
NHN,KR7181710005,KOSPI,A181710
NHN벅스,KR7104200001,KOSDAQ,A104200
NHN한국사이버결제,KR7060250008,KOSDAQ,A060250
NH투자증권,KR7005940002,KOSPI,A005940
NH투자증권우,KR7005941000,KOSPI,A005945
NICE,KR7034310003,KOSPI,A034310
NICE평가정보,KR7030190003,KOSDAQ,A030190
NI스틸,KR7008260002,KOSPI,A008260
NPC,KR7004250007,KOSPI,A004250
NPC우,KR7004251005,KOSPI,A004255
OCI,KR7010060002,KOSPI,A010060
PAM부동산3호,KR5737027S75,KOSPI,F737027S7
PN풍년,KR7024940009,KOSDAQ,A024940
POSCO,KR7005490008,KOSPI,A005490
RFHIC,KR7218410009,KOSDAQ,A218410
S&K폴리텍,KR7091340000,KOSDAQ,A091340
S&TC,KR7100840008,KOSPI,A100840
S&T모티브,KR7064960008,KOSPI,A064960
S&T중공업,KR7003570009,KOSPI,A003570
S&T홀딩스,KR7036530004,KOSPI,A036530
S-Oil,KR7010950004,KOSPI,A010950
S-Oil우,KR7010951002,KOSPI,A010955
SBI인베스트먼트,KR7019550003,KOSDAQ,A019550
SBI핀테크솔루션즈,KR8392070007,KOSDAQ,A950110
SBS,KR7034120006,KOSPI,A034120
SBS미디어홀딩스,KR7101060002,KOSPI,A101060
SBS콘텐츠허브,KR7046140000,KOSDAQ,A046140
SCI평가정보,KR7036120004,KOSDAQ,A036120
SDN,KR7099220006,KOSDAQ,A099220
SFA반도체,KR7036540003,KOSDAQ,A036540
SG,KR7255220006,KOSDAQ,A255220
SG&G,KR7040610008,KOSDAQ,A040610
SGA,KR7049470008,KOSDAQ,A049470
SGA솔루션즈,KR7184230001,KOSDAQ,A184230
SGA임베디드,KR7224880005,KONEX,A224880
SG세계물산,KR7004060000,KOSPI,A004060
SG충방,KR7001380005,KOSPI,A001380
SH에너지화학,KR7002360006,KOSPI,A002360
SIMPAC,KR7009160003,KOSPI,A009160
SJM,KR7123700007,KOSPI,A123700
SJM홀딩스,KR7025530007,KOSPI,A025530
SK,KR7034730002,KOSPI,A034730
SK3호스팩,KR7232330001,KOSDAQ,A232330
SK4호스팩,KR7307070003,KOSDAQ,A307070
SKC,KR7011790003,KOSPI,A011790
SKC 솔믹스,KR7057500001,KOSDAQ,A057500
SKC코오롱PI,KR7178920005,KOSDAQ,A178920
SK가스,KR7018670000,KOSPI,A018670
SK네트웍스,KR7001740000,KOSPI,A001740
SK네트웍스우,KR7001741008,KOSPI,A001745
SK디스커버리,KR7006120000,KOSPI,A006120
SK디스커버리우,KR7006121008,KOSPI,A006125
SK디앤디,KR7210980009,KOSPI,A210980
SK머티리얼즈,KR7036490001,KOSDAQ,A036490
SK바이오랜드,KR7052260007,KOSDAQ,A052260
SK우,KR703473K016,KOSPI,A03473K
SK이노베이션,KR7096770003,KOSPI,A096770
SK이노베이션우,KR7096771001,KOSPI,A096775
SK증권,KR7001510007,KOSPI,A001510
SK증권우,KR7001511005,KOSPI,A001515
SK케미칼,KR7285130001,KOSPI,A285130
SK케미칼우,KR728513K010,KOSPI,A28513K
SK텔레콤,KR7017670001,KOSPI,A017670
SK하이닉스,KR7000660001,KOSPI,A000660
SM C&C,KR7048550008,KOSDAQ,A048550
SM Life Design,KR7063440002,KOSDAQ,A063440
SNK,KR8392100002,KOSDAQ,A950180
SPC삼립,KR7005610001,KOSPI,A005610
STX,KR7011810009,KOSPI,A011810
STX엔진,KR7077970002,KOSPI,A077970
STX중공업,KR7071970008,KOSPI,A071970
SV인베스트먼트,KR7289080004,KOSDAQ,A289080
TBH글로벌,KR7084870005,KOSPI,A084870
TCC스틸,KR7002710002,KOSPI,A002710
THE E&M,KR7089230007,KOSDAQ,A089230
THE MIDONG,KR7161570007,KOSDAQ,A161570
TJ미디어,KR7032540007,KOSDAQ,A032540
TPC,KR7048770002,KOSDAQ,A048770
TS인베스트먼트,KR7246690002,KOSDAQ,A246690
TS트릴리온,KR7284610003,KONEX,A284610
UCI,KR7038340006,KOSDAQ,A038340
WI,KR7073570004,KOSDAQ,A073570
WISCOM,KR7024070005,KOSPI,A024070
W홀딩컴퍼니,KR7052300001,KOSDAQ,A052300
YG PLUS,KR7037270006,KOSPI,A037270
YTN,KR7040300006,KOSDAQ,A040300
YW,KR7051390003,KOSDAQ,A051390
iMBC,KR7052220001,KOSDAQ,A052220
